,test_data.respon,predRF,predC50,predSVM,predNB
1,5,5,5,5,5
2,4,4,4,5,4
3,5,5,5,5,5
4,4,4,4,5,2
5,4,4,4,5,5
6,5,5,5,5,1
7,5,5,5,5,5
8,5,5,4,5,5
9,5,5,5,5,5
10,5,5,5,5,5
11,5,5,5,5,5
12,5,5,5,5,5
13,5,5,5,5,5
14,5,5,5,5,5
15,5,5,5,5,5
16,5,5,5,5,5
17,5,5,5,5,5
18,5,5,5,4,4
19,3,5,5,5,1
20,5,5,5,5,5
21,5,5,5,5,5
22,5,5,5,5,5
23,5,5,5,5,5
24,2,3,2,5,1
25,5,5,5,5,5
26,5,5,5,5,5
27,5,5,5,5,5
28,5,5,5,5,5
29,5,5,5,4,5
30,4,4,4,3,2
31,5,5,5,5,5
32,3,4,4,5,2
33,5,5,5,5,5
34,5,5,5,5,5
35,2,4,5,5,1
36,5,5,5,4,5
37,5,5,5,5,5
38,4,4,4,5,5
39,4,5,5,5,3
40,4,4,3,3,1
41,5,5,5,5,5
42,4,5,4,5,1
43,3,3,3,5,5
44,5,5,5,5,5
45,5,5,5,5,5
46,5,5,5,5,5
47,5,5,3,5,2
48,5,5,5,5,4
49,5,4,5,5,5
50,1,3,3,1,3
51,5,5,5,1,1
52,3,3,3,5,5
53,5,5,5,5,5
54,5,5,3,5,5
55,5,5,5,5,5
56,5,5,5,5,5
57,5,5,5,3,1
58,5,5,5,5,5
59,5,5,5,1,5
60,5,5,5,5,4
61,5,5,5,5,5
62,5,5,5,5,5
63,2,2,2,3,2
64,5,5,5,5,5
65,5,5,3,5,5
66,5,5,5,5,5
67,5,5,5,5,5
68,5,5,5,5,5
69,5,5,5,5,5
70,4,4,4,5,5
71,5,5,5,5,5
72,5,5,5,5,5
73,5,5,5,5,5
74,3,4,4,5,2
75,4,5,5,1,1
76,5,5,5,4,5
77,5,5,5,5,5
78,5,5,5,5,5
79,5,5,5,5,5
80,5,5,5,5,3
81,5,5,5,5,5
82,4,4,5,5,1
83,5,5,5,5,2
84,5,5,5,5,5
85,4,4,4,5,5
86,5,5,5,1,5
87,5,5,5,5,5
88,4,4,4,5,4
89,3,5,5,5,1
90,4,4,4,1,2
91,5,5,5,5,5
92,5,5,5,5,5
93,5,5,5,5,1
94,4,4,4,5,5
95,5,5,5,5,5
96,5,5,5,5,5
97,4,4,4,5,5
98,5,5,5,5,5
99,5,5,5,5,5
100,5,5,5,5,5
101,5,5,5,5,5
102,4,4,4,5,2
103,5,5,5,5,5
104,1,3,1,1,1
105,5,5,5,5,3
106,5,5,5,5,5
107,5,5,5,5,2
108,3,3,3,5,1
109,5,5,5,2,5
110,4,4,4,5,5
111,5,5,5,3,2
112,3,3,3,5,5
113,4,3,1,1,1
114,3,3,2,5,1
115,2,2,2,5,2
116,4,4,4,5,5
117,5,5,5,1,1
118,4,4,4,5,5
119,5,5,5,5,5
120,3,5,5,5,5
121,5,5,5,5,5
122,4,4,4,5,5
123,5,5,5,5,5
124,3,5,5,1,3
125,5,5,5,5,5
126,5,5,5,5,4
127,5,5,5,5,5
128,5,5,5,5,5
129,5,5,5,5,5
130,3,5,5,1,1
131,5,5,5,5,5
132,5,5,5,5,2
133,3,3,1,5,5
134,5,5,5,2,3
135,3,3,3,5,2
136,5,5,5,5,5
137,4,4,4,5,5
138,4,4,4,5,5
139,3,3,3,3,4
140,5,5,5,5,5
141,4,4,5,5,2
142,2,3,1,5,1
143,4,4,4,5,5
144,5,5,5,5,5
145,5,5,5,5,5
146,5,5,5,5,5
147,5,5,5,5,5
148,5,5,5,5,5
149,4,4,5,5,2
150,5,5,5,5,5
151,5,5,5,5,1
152,5,5,5,5,5
153,2,2,2,3,2
154,3,1,5,1,1
155,5,5,5,1,5
156,4,4,4,5,4
157,5,5,5,5,5
158,5,5,5,5,5
159,5,5,4,5,5
160,5,5,5,3,3
161,5,5,5,5,5
162,5,5,5,5,1
163,5,5,5,5,5
164,3,5,5,5,3
165,5,5,5,5,1
166,5,5,5,5,5
167,5,5,5,5,5
168,5,3,3,3,1
169,5,5,4,5,5
170,5,5,5,5,5
171,5,5,5,5,5
172,1,1,1,1,1
173,5,5,5,5,5
174,5,5,5,5,5
175,5,5,5,5,5
176,5,5,5,5,5
177,4,4,4,5,5
178,5,5,5,5,5
179,5,5,5,5,3
180,5,5,5,5,1
181,5,5,5,5,5
182,5,5,2,5,5
183,5,5,5,5,5
184,3,5,5,5,1
185,5,5,5,5,1
186,5,5,5,5,1
187,4,4,4,5,5
188,5,3,3,1,1
189,5,5,5,5,5
190,2,4,5,5,1
191,5,5,5,5,4
192,4,4,4,1,2
193,3,3,3,5,4
194,5,5,5,5,5
195,5,5,5,5,2
196,5,5,5,5,5
197,5,5,5,5,5
198,3,3,3,3,1
199,1,3,5,5,1
200,5,5,5,5,1
201,5,5,5,1,5
202,5,5,5,5,4
203,5,5,5,5,1
204,5,5,5,5,5
205,3,3,3,5,5
206,5,5,5,5,5
207,5,5,5,5,3
208,5,5,5,1,3
209,5,5,5,5,5
210,5,5,5,5,5
211,5,5,5,5,5
212,5,5,5,5,5
213,3,5,5,5,1
214,2,2,3,1,2
215,5,5,5,4,4
216,5,5,5,5,5
217,5,5,2,5,2
218,4,4,4,5,5
219,5,5,5,5,5
220,4,4,4,5,5
221,3,5,5,5,2
222,5,5,5,5,5
223,3,3,3,5,5
224,5,5,5,5,5
225,5,5,5,5,5
226,5,5,5,5,5
227,5,5,5,5,5
228,4,4,4,4,3
229,4,4,4,5,4
230,5,5,5,5,4
231,5,5,5,5,5
232,5,5,5,5,1
233,5,5,5,5,5
234,3,3,3,5,5
235,4,4,4,5,5
236,5,5,5,5,5
237,5,5,5,5,5
238,5,5,5,1,4
239,5,5,5,5,5
240,5,5,5,5,5
241,5,5,5,5,5
242,5,5,2,3,2
243,5,5,5,5,1
244,5,5,3,5,5
245,5,5,5,5,1
246,5,5,5,1,5
247,5,5,5,5,5
248,5,5,5,5,5
249,5,5,5,5,5
250,5,5,5,5,5
251,4,4,4,5,5
252,5,5,5,5,5
253,5,5,5,5,5
254,3,3,3,5,5
255,5,5,5,5,5
256,1,5,5,5,2
257,5,5,5,5,5
258,2,5,2,1,1
259,1,5,5,5,1
260,5,5,5,3,1
261,5,5,5,5,5
262,3,5,5,5,1
263,5,5,5,5,1
264,2,2,2,5,4
265,5,5,5,5,5
266,4,4,4,5,5
267,5,5,5,5,5
268,5,3,2,3,1
269,5,5,5,5,5
270,5,5,5,5,5
271,5,5,5,5,5
272,5,5,5,5,5
273,5,5,5,5,5
274,5,5,5,5,5
275,5,5,5,5,1
276,5,5,5,5,5
277,5,5,5,5,5
278,5,5,5,5,5
279,4,4,4,5,5
280,5,5,5,5,5
281,3,5,5,1,1
282,4,4,4,4,2
283,5,5,5,2,3
284,5,5,4,5,1
285,2,5,2,1,1
286,5,5,5,1,1
287,5,5,5,5,5
288,2,5,5,5,5
289,5,5,5,5,4
290,5,5,5,5,5
291,5,5,5,5,5
292,5,5,5,5,5
293,5,5,5,5,5
294,5,5,5,5,5
295,5,5,5,5,2
296,3,3,2,1,1
297,5,5,5,5,5
298,4,4,4,5,5
299,5,5,5,5,4
300,5,5,5,5,1
301,5,5,5,5,5
302,5,5,5,5,2
303,5,5,5,5,5
304,5,5,5,5,5
305,5,5,5,5,5
306,5,5,5,5,5
307,3,3,3,5,5
308,5,5,5,5,5
309,5,5,5,4,1
310,3,3,3,3,1
311,4,5,5,1,5
312,2,2,3,3,1
313,5,5,5,5,4
314,3,5,5,5,1
315,5,5,5,5,5
316,5,5,5,5,4
317,5,5,5,4,2
318,5,5,5,5,2
319,5,5,5,4,3
320,4,4,3,5,5
321,5,5,5,5,5
322,5,5,5,5,5
323,1,2,4,1,1
324,3,5,5,5,5
325,5,5,5,5,5
326,5,5,5,5,1
327,1,1,1,5,4
328,5,5,5,5,5
329,3,5,5,5,2
330,3,3,3,3,2
331,3,3,3,1,1
332,5,5,5,5,5
333,4,4,4,5,5
334,5,5,5,5,5
335,5,5,5,5,4
336,3,3,3,5,5
337,5,5,5,5,5
338,5,5,5,5,5
339,4,4,4,5,5
340,2,4,1,1,1
341,5,5,5,1,1
342,3,3,3,5,2
343,5,5,5,5,5
344,5,5,1,3,1
345,4,4,3,5,5
346,1,5,5,1,5
347,5,5,5,5,5
348,5,5,5,5,4
349,3,3,3,1,2
350,5,3,5,5,5
351,5,5,5,5,5
352,4,4,4,5,5
353,5,5,5,5,5
354,5,5,5,5,5
355,5,5,5,5,5
356,1,3,5,5,1
357,5,5,5,5,5
358,5,5,5,5,5
359,5,5,5,5,5
360,3,3,3,5,3
361,3,3,3,5,5
362,5,5,5,5,5
363,3,3,3,5,5
364,4,4,5,4,2
365,5,5,5,5,1
366,5,5,5,5,5
367,3,4,3,1,2
368,5,5,5,5,5
369,5,5,5,5,5
370,5,5,5,5,4
371,5,5,5,5,5
372,5,5,5,5,5
373,1,2,5,5,1
374,5,5,5,5,5
375,4,4,4,5,5
376,5,4,3,1,1
377,5,5,5,5,5
378,3,5,5,5,1
379,5,5,5,5,5
380,4,4,4,1,1
381,5,5,5,5,5
382,5,5,4,1,3
383,5,5,5,5,3
384,5,5,5,5,5
385,5,5,3,5,5
386,5,5,5,5,4
387,5,5,5,5,2
388,5,5,5,5,5
389,5,5,5,5,5
390,5,5,5,5,5
391,2,2,2,1,1
392,5,5,5,5,5
393,5,5,5,5,5
394,5,5,5,5,5
395,4,3,3,3,1
396,5,5,5,5,5
397,5,5,5,5,5
398,1,4,5,5,1
399,5,5,5,5,5
400,5,5,5,5,5
401,5,5,5,5,5
402,5,5,5,3,1
403,5,5,5,5,5
404,3,3,3,2,3
405,5,5,5,5,5
406,5,5,5,5,4
407,5,5,5,5,5
408,1,1,1,1,1
409,5,3,4,1,1
410,5,5,5,5,5
411,5,5,5,5,5
412,1,1,4,3,1
413,5,5,2,5,5
414,5,5,5,5,5
415,4,4,4,5,5
416,5,5,5,5,5
417,1,1,2,1,1
418,2,2,2,5,5
419,5,5,5,5,5
420,5,5,5,5,4
421,5,5,5,5,5
422,5,5,5,1,1
423,5,5,5,5,5
424,2,5,3,5,5
425,4,5,5,3,1
426,5,5,5,5,4
427,4,4,4,5,5
428,5,5,5,5,2
429,5,5,5,5,5
430,4,5,5,5,1
431,4,2,2,5,2
432,5,5,5,5,5
433,5,5,5,5,2
434,5,5,5,5,3
435,1,3,3,3,1
436,5,5,5,5,5
437,5,5,5,4,3
438,3,3,3,1,2
439,2,2,5,3,1
440,5,5,5,5,5
441,5,5,5,5,5
442,5,5,5,4,5
443,5,5,5,5,5
444,5,5,5,5,5
445,3,3,3,5,5
446,3,5,1,5,1
447,5,5,5,5,4
448,5,5,5,5,5
449,3,3,5,5,1
450,5,5,5,5,5
451,5,5,5,5,5
452,5,5,4,1,1
453,3,3,3,1,1
454,5,5,5,5,2
455,5,5,5,5,5
456,5,5,5,5,5
457,5,5,5,5,5
458,5,5,5,5,5
459,5,5,5,5,5
460,5,5,5,5,4
461,5,5,5,5,5
462,3,3,3,5,5
463,5,5,5,5,5
464,5,5,5,5,5
465,1,1,1,1,1
466,5,5,5,5,5
467,1,1,3,1,1
468,5,5,5,5,5
469,5,5,5,5,5
470,1,5,5,1,1
471,5,5,5,5,5
472,5,5,5,5,5
473,3,5,5,5,1
474,5,5,5,5,2
475,5,5,5,5,5
476,2,2,2,2,2
477,4,3,4,5,1
478,5,5,5,5,5
479,5,5,5,4,5
480,3,3,5,5,5
481,5,5,5,5,5
482,5,5,5,5,5
483,4,5,5,5,2
484,5,5,5,5,3
485,2,4,2,3,1
486,3,3,3,5,4
487,3,5,5,5,1
488,5,5,5,5,5
489,4,4,4,5,2
490,5,5,5,5,5
491,5,5,5,5,3
492,5,5,5,5,2
493,5,5,5,5,5
494,5,5,5,5,5
495,5,5,5,5,5
496,5,5,5,5,5
497,2,2,5,5,2
498,5,5,5,5,5
499,3,1,5,3,1
500,4,4,4,5,5
501,5,5,5,5,5
502,3,3,3,5,5
503,4,5,3,5,5
504,2,3,3,3,1
505,5,5,5,5,4
506,5,5,5,5,5
507,5,5,5,5,1
508,3,3,3,5,5
509,5,5,5,5,5
510,5,5,5,5,5
511,5,5,5,5,5
512,5,5,5,5,1
513,5,5,5,5,5
514,5,5,5,5,5
515,3,3,3,1,1
516,5,5,5,5,4
517,1,3,3,1,1
518,5,5,5,5,5
519,5,5,5,5,5
520,2,2,2,5,2
521,3,3,3,5,5
522,4,5,5,5,5
523,5,5,5,1,5
524,5,5,5,5,5
525,5,5,5,1,3
526,5,5,5,1,1
527,5,5,5,5,5
528,5,5,5,5,4
529,2,2,2,5,2
530,5,5,5,3,1
531,5,5,5,5,5
532,4,4,4,4,5
533,5,5,5,5,5
534,4,4,4,5,5
535,5,5,5,5,1
536,5,5,5,5,5
537,5,5,5,5,5
538,5,5,5,5,5
539,5,5,5,5,5
540,5,5,5,5,5
541,1,3,2,1,1
542,5,5,5,5,5
543,4,4,5,5,4
544,5,5,5,5,5
545,5,5,5,5,5
546,5,5,5,4,5
547,5,5,5,5,5
548,5,5,5,5,5
549,5,5,5,5,5
550,5,5,5,5,5
551,5,5,5,5,5
552,4,5,5,5,5
553,5,5,5,5,5
554,5,5,5,5,5
555,5,4,4,5,2
556,5,5,5,5,5
557,5,5,5,5,5
558,4,4,4,5,5
559,5,5,5,5,5
560,5,5,5,5,5
561,5,5,5,5,5
562,5,5,5,5,2
563,5,5,5,5,5
564,5,5,4,5,2
565,4,4,4,5,4
566,5,5,5,5,5
567,5,5,5,5,4
568,4,4,4,5,4
569,5,5,5,5,5
570,4,4,4,2,4
571,5,5,5,5,5
572,5,5,5,5,2
573,5,5,5,5,5
574,4,4,4,5,5
575,4,4,4,5,5
576,2,2,2,5,4
577,5,5,5,1,1
578,4,4,4,4,1
579,5,5,5,5,5
580,5,5,5,5,1
581,5,5,5,5,5
582,5,5,5,5,4
583,5,5,5,5,5
584,4,4,4,5,5
585,5,5,5,5,5
586,5,4,5,5,5
587,5,5,5,5,5
588,5,5,5,5,5
589,3,3,3,5,5
590,5,5,5,5,5
591,5,5,5,5,5
592,5,5,3,5,5
593,5,5,5,5,5
594,5,5,3,1,1
595,4,4,4,5,5
596,5,5,5,5,5
597,5,5,5,5,4
598,4,5,1,5,5
599,5,5,5,5,5
600,5,5,5,5,5
601,5,5,5,1,1
602,5,5,5,5,5
603,5,5,5,5,5
604,5,5,5,5,3
605,3,3,3,3,2
606,5,5,5,5,5
607,5,5,5,5,4
608,5,5,5,5,5
609,5,5,5,5,1
610,5,5,5,5,2
611,5,5,5,5,5
612,5,5,5,5,5
613,4,4,4,5,5
614,5,5,5,5,5
615,3,3,5,5,4
616,5,5,5,5,5
617,4,4,4,5,5
618,5,5,5,5,5
619,5,5,5,5,1
620,5,5,5,5,5
621,5,5,5,5,5
622,5,5,4,5,5
623,5,5,5,5,5
624,5,5,5,5,5
625,5,5,5,4,4
626,5,5,5,5,3
627,4,4,4,5,5
628,2,2,4,5,1
629,5,5,5,5,5
630,5,5,5,1,1
631,5,5,5,5,5
632,5,5,5,5,5
633,4,4,4,5,5
634,5,5,5,5,5
635,1,1,1,1,2
636,5,5,5,5,1
637,1,3,3,5,2
638,5,5,5,5,5
639,4,5,5,5,1
640,1,4,3,5,2
641,4,4,4,5,4
642,3,4,2,5,2
643,3,3,3,5,5
644,4,2,5,1,1
645,5,5,5,5,5
646,5,5,5,5,3
647,5,5,5,5,5
648,3,3,3,5,5
649,5,5,5,5,5
650,5,3,5,1,1
651,4,5,5,1,1
652,1,2,2,3,1
653,5,5,5,5,5
654,3,4,4,1,2
655,1,1,1,1,1
656,5,5,5,5,5
657,4,4,3,1,1
658,3,3,3,5,5
659,5,5,5,5,5
660,5,5,5,5,5
661,3,4,4,5,1
662,5,5,5,5,5
663,3,5,5,5,5
664,5,5,5,5,2
665,3,3,3,3,2
666,5,5,5,5,5
667,5,1,3,1,1
668,4,4,4,5,5
669,3,5,2,5,5
670,5,5,5,5,5
671,5,5,5,5,5
672,5,5,5,5,5
673,5,5,3,5,5
674,5,5,5,5,3
675,3,3,3,5,4
676,2,4,2,3,1
677,5,5,5,5,5
678,5,5,5,5,5
679,4,5,3,3,1
680,5,5,5,5,5
681,5,5,5,5,5
682,5,5,5,5,5
683,4,3,3,1,1
684,5,5,5,5,5
685,2,2,2,2,2
686,5,5,5,5,5
687,5,5,5,5,5
688,5,5,5,5,5
689,5,5,5,5,3
690,5,5,5,5,5
691,5,5,5,3,2
692,3,5,3,3,1
693,5,5,5,5,5
694,4,4,4,5,5
695,5,5,5,5,5
696,5,5,5,5,5
697,5,5,5,5,5
698,5,5,5,5,5
699,5,5,5,5,5
700,2,2,2,5,5
701,5,5,5,5,4
702,5,5,5,5,5
703,4,4,4,3,2
704,5,5,5,5,5
705,4,4,4,5,5
706,5,5,5,5,5
707,3,3,3,5,4
708,4,5,2,5,1
709,5,5,5,5,5
710,4,3,5,3,1
711,5,5,5,5,4
712,5,5,5,5,5
713,5,5,5,5,5
714,4,4,4,5,5
715,3,5,5,5,5
716,5,5,5,5,5
717,5,5,5,1,5
718,2,2,1,1,1
719,2,2,2,1,1
720,2,2,2,5,2
721,4,4,4,5,5
722,5,5,5,1,5
723,5,3,3,5,1
724,5,5,5,5,5
725,5,5,5,1,5
726,4,4,4,5,1
727,5,5,3,5,1
728,4,5,5,5,2
729,5,5,5,5,2
730,1,3,5,5,1
731,5,5,5,5,5
732,5,5,5,5,5
733,5,5,5,1,5
734,5,1,2,5,1
735,5,5,5,5,5
736,5,5,5,5,5
737,4,4,4,5,5
738,5,5,5,5,5
739,2,2,2,5,2
740,4,4,4,5,5
741,4,4,3,5,1
742,5,5,5,5,5
743,5,5,5,5,5
744,5,5,5,5,5
745,5,5,5,5,5
746,5,5,5,5,5
747,5,5,5,5,5
748,5,5,5,1,5
749,5,5,5,5,5
750,5,5,5,5,4
751,5,5,5,5,5
752,3,3,4,3,1
753,5,3,3,1,1
754,2,4,4,3,2
755,2,5,4,5,5
756,5,5,5,5,5
757,3,3,3,2,2
758,5,5,5,5,5
759,2,3,3,1,1
760,5,5,5,5,5
761,5,5,5,5,5
762,5,5,5,5,4
763,5,5,4,5,2
764,3,3,3,1,3
765,5,5,5,5,5
766,4,4,4,5,4
767,3,5,5,5,1
768,5,5,5,5,2
769,4,4,4,5,2
770,1,5,5,5,1
771,5,5,5,5,5
772,5,5,5,5,5
773,5,5,5,5,5
774,5,3,5,5,1
775,5,5,5,5,5
776,2,5,5,5,1
777,3,3,3,5,5
778,5,5,3,4,2
779,2,3,5,5,1
780,4,4,4,5,4
781,5,5,5,5,5
782,5,5,5,5,5
783,4,4,4,5,5
784,1,1,1,1,1
785,1,5,5,3,2
786,5,5,5,5,5
787,5,5,5,5,2
788,5,5,5,5,4
789,4,4,4,5,2
790,3,3,3,5,5
791,3,3,3,1,4
792,5,5,5,2,3
793,5,5,5,5,5
794,5,5,5,5,5
795,4,4,3,5,5
796,5,5,5,5,5
797,3,5,5,5,5
798,3,3,3,5,5
799,5,5,5,5,5
800,5,5,5,5,5
801,5,5,5,5,5
802,5,5,5,5,4
803,4,4,4,5,5
804,5,5,5,5,5
805,1,3,5,1,1
806,5,5,3,5,1
807,4,4,4,4,4
808,3,5,5,5,2
809,5,5,5,5,5
810,5,5,5,5,5
811,5,5,5,5,5
812,3,3,3,5,5
813,5,5,5,5,5
814,5,5,5,5,4
815,5,5,5,5,5
816,3,3,3,5,5
817,5,5,5,5,5
818,5,5,5,5,1
819,5,5,5,5,5
820,5,5,5,5,5
821,4,5,3,5,3
822,5,5,5,4,5
823,5,5,5,5,5
824,5,5,5,5,5
825,5,5,5,5,5
826,5,5,5,5,5
827,5,5,5,3,5
828,4,2,2,1,2
829,4,4,4,5,1
830,5,5,5,5,2
831,1,3,3,1,1
832,3,3,1,5,1
833,5,5,5,5,5
834,5,3,1,5,1
835,2,5,4,5,5
836,4,4,4,5,5
837,5,5,5,5,5
838,5,5,5,5,4
839,5,5,5,5,5
840,5,5,5,5,5
841,5,5,5,5,5
842,5,5,5,5,5
843,5,5,5,5,5
844,4,5,5,5,5
845,5,5,5,5,5
846,4,4,4,1,2
847,5,5,5,4,3
848,5,5,5,5,5
849,4,4,2,3,1
850,5,5,5,5,5
851,4,4,4,5,5
852,5,5,5,5,5
853,1,5,3,5,5
854,5,5,5,5,4
855,5,5,5,5,5
856,5,5,5,5,5
857,4,4,4,1,1
858,5,5,5,5,5
859,5,5,5,5,5
860,4,4,4,5,5
861,5,5,5,5,5
862,5,5,5,5,2
863,5,5,3,5,5
864,5,5,5,5,5
865,5,5,5,1,5
866,5,5,5,5,5
867,5,5,5,5,5
868,2,3,2,5,1
869,5,5,5,5,5
870,5,5,5,5,4
871,5,5,5,5,5
872,5,5,5,5,5
873,3,3,5,5,5
874,5,5,5,5,5
875,5,5,5,5,5
876,5,5,5,5,5
877,5,5,5,5,5
878,5,5,5,5,4
879,5,5,5,5,5
880,5,5,5,1,3
881,5,5,5,4,5
882,5,5,5,5,5
883,5,5,5,5,5
884,4,5,5,5,5
885,4,4,4,5,2
886,2,2,2,5,1
887,5,5,5,5,4
888,5,5,5,5,5
889,5,4,4,5,1
890,5,5,5,4,5
891,5,5,5,5,5
892,5,5,5,5,4
893,5,5,5,1,5
894,5,5,5,5,5
895,3,3,5,5,1
896,5,5,5,5,4
897,3,3,3,5,5
898,5,5,5,5,5
899,5,5,5,5,5
900,5,3,5,5,1
901,4,4,4,5,4
902,4,4,4,5,5
903,5,5,5,5,5
904,5,5,5,5,5
905,5,5,5,4,5
906,4,4,4,5,5
907,4,4,5,1,1
908,3,5,5,5,3
909,3,5,5,5,1
910,5,5,5,5,4
911,5,5,5,5,5
912,5,5,5,5,5
913,2,2,2,5,4
914,3,3,3,5,5
915,5,5,5,5,5
916,5,5,5,5,5
917,5,5,5,5,4
918,5,5,5,5,2
919,2,5,4,5,1
920,4,4,4,5,5
921,5,5,5,5,5
922,3,3,5,1,1
923,2,3,3,3,1
924,2,2,2,5,5
925,4,3,3,1,1
926,5,5,5,5,5
927,5,5,5,5,5
928,5,3,5,1,1
929,5,5,5,4,4
930,5,5,5,5,5
931,4,4,2,5,3
932,5,5,5,5,4
933,5,3,3,3,1
934,5,5,5,5,5
935,5,5,3,5,5
936,5,5,5,5,5
937,3,3,3,5,5
938,5,5,5,5,5
939,5,5,5,5,2
940,3,3,3,1,1
941,5,5,5,5,3
942,5,5,5,5,5
943,4,4,5,5,4
944,5,5,5,1,5
945,5,5,5,5,5
946,5,5,5,5,5
947,3,3,3,5,5
948,1,3,1,5,1
949,5,5,5,5,5
950,5,5,5,5,5
951,5,5,5,3,1
952,5,5,5,5,5
953,5,5,5,4,1
954,5,5,5,4,5
955,5,5,5,5,5
956,5,5,5,5,5
957,5,5,5,5,5
958,5,5,5,5,5
959,2,2,2,5,2
960,5,5,5,5,5
961,5,5,5,5,5
962,5,5,5,5,5
963,4,4,4,5,5
964,4,4,4,5,5
965,4,4,4,5,5
966,5,5,5,5,5
967,5,5,5,5,5
968,5,5,5,5,5
969,5,5,5,5,5
970,5,5,3,5,5
971,5,5,5,5,5
972,4,4,3,5,5
973,5,5,5,5,5
974,5,5,5,5,1
975,5,5,5,5,5
976,5,5,5,5,1
977,5,5,5,5,5
978,5,5,5,5,5
979,5,5,5,5,5
980,3,3,5,5,5
981,5,5,3,3,2
982,5,5,5,5,5
983,3,3,3,5,1
984,4,4,4,5,5
985,3,3,3,1,3
986,5,5,5,5,5
987,5,5,5,5,5
988,3,5,3,5,1
989,1,5,5,5,1
990,5,5,5,5,5
991,5,5,5,5,5
992,5,5,5,5,5
993,3,3,3,3,2
994,5,5,5,5,5
995,5,5,5,5,5
996,4,5,1,3,1
997,5,5,5,5,5
998,5,5,5,5,5
999,5,5,5,5,5
1000,5,5,5,5,5
1001,4,4,4,5,5
1002,5,5,5,5,5
1003,5,5,5,5,5
1004,5,5,5,5,5
1005,5,5,5,5,5
1006,5,5,5,5,5
1007,5,5,5,2,5
1008,5,5,4,5,4
1009,5,5,5,5,5
1010,1,3,3,5,2
1011,2,1,4,3,1
1012,5,5,5,5,5
1013,5,5,5,5,5
1014,5,5,5,5,4
1015,5,5,5,5,5
1016,5,5,5,5,5
1017,3,3,3,5,5
1018,5,5,5,5,5
1019,5,5,5,5,5
1020,5,3,4,5,1
1021,1,1,1,1,1
1022,5,5,5,5,5
1023,3,3,3,1,1
1024,5,5,5,5,5
1025,5,5,5,5,5
1026,5,5,5,5,3
1027,5,5,5,5,5
1028,5,5,5,5,5
1029,5,5,5,5,5
1030,3,2,2,3,1
1031,5,5,5,5,5
1032,2,5,4,5,1
1033,5,5,5,5,5
1034,5,5,5,5,5
1035,5,3,3,1,1
1036,5,3,5,1,1
1037,2,2,2,5,4
1038,5,5,5,5,5
1039,5,5,5,5,5
1040,5,5,2,1,5
1041,5,5,5,5,5
1042,5,5,5,2,1
1043,5,5,5,5,5
1044,5,5,5,5,5
1045,5,5,5,5,3
1046,5,5,5,5,5
1047,5,5,5,5,4
1048,5,5,5,5,5
1049,4,4,4,5,2
1050,4,4,4,5,2
1051,5,5,5,5,5
1052,4,5,3,3,1
1053,4,4,4,5,5
1054,5,5,5,5,5
1055,3,3,3,5,5
1056,5,5,5,5,5
1057,5,5,5,5,3
1058,5,5,5,5,5
1059,3,3,3,5,5
1060,5,5,5,5,5
1061,5,5,5,5,4
1062,5,5,5,5,3
1063,3,3,3,5,5
1064,3,3,3,5,5
1065,5,5,5,5,5
1066,3,3,4,3,1
1067,4,4,4,5,1
1068,5,5,5,5,5
1069,4,4,4,5,5
1070,5,5,5,5,5
1071,5,5,5,5,1
1072,5,5,5,5,2
1073,4,4,4,5,5
1074,5,5,5,5,5
1075,5,5,5,5,1
1076,5,5,5,5,5
1077,5,5,5,5,5
1078,5,5,5,5,5
1079,5,5,5,5,5
1080,5,5,5,5,5
1081,5,5,5,5,5
1082,4,4,4,1,5
1083,3,5,5,5,5
1084,2,3,5,3,1
1085,2,5,4,5,1
1086,5,5,5,5,2
1087,5,5,3,5,5
1088,5,5,5,5,5
1089,5,5,5,5,4
1090,5,5,5,5,5
1091,5,5,5,5,5
1092,5,5,5,5,5
1093,5,5,5,5,5
1094,4,2,2,5,2
1095,5,5,5,5,3
1096,2,3,3,1,1
1097,5,5,5,5,1
1098,4,4,4,5,5
1099,5,5,5,5,5
1100,4,4,4,5,5
1101,5,5,5,5,5
1102,5,5,5,5,5
1103,5,5,5,5,5
1104,5,5,5,5,5
1105,5,5,5,5,4
1106,5,5,5,5,5
1107,3,3,5,5,2
1108,4,4,4,5,2
1109,5,5,5,5,5
1110,4,5,4,5,1
1111,3,5,5,5,5
1112,4,4,5,1,1
1113,5,5,5,5,5
1114,1,2,3,1,1
1115,5,5,5,5,5
1116,5,5,5,5,5
1117,2,5,4,5,2
1118,5,5,5,5,1
1119,4,4,4,5,5
1120,5,5,5,5,5
1121,5,5,5,5,5
1122,3,3,3,5,5
1123,5,5,5,3,5
1124,4,5,5,5,5
1125,5,5,5,5,5
1126,5,5,4,5,2
1127,5,4,3,3,1
1128,5,5,5,5,5
1129,3,3,3,5,5
1130,5,5,5,5,5
1131,5,5,5,5,5
1132,5,5,5,5,5
1133,3,3,3,5,1
1134,1,3,1,1,1
1135,5,5,5,5,5
1136,5,5,5,5,5
1137,5,5,5,5,5
1138,5,5,5,5,4
1139,1,2,2,3,1
1140,5,5,5,5,5
1141,5,5,5,5,5
1142,5,5,5,5,4
1143,5,5,5,5,1
1144,5,5,5,5,5
1145,4,4,4,5,5
1146,5,5,5,4,5
1147,5,5,5,5,5
1148,4,4,4,5,5
1149,5,5,5,5,5
1150,4,4,4,5,2
1151,3,5,5,1,1
1152,4,4,4,5,5
1153,4,4,4,1,5
1154,5,5,5,5,5
1155,5,5,5,5,5
1156,5,5,5,5,5
1157,3,5,4,3,1
1158,4,4,4,5,5
1159,5,5,5,1,5
1160,5,5,5,5,5
1161,5,5,5,4,5
1162,5,5,5,5,5
1163,2,2,2,5,2
1164,5,5,5,5,5
1165,2,4,3,1,1
1166,5,5,5,5,5
1167,5,5,5,5,5
1168,4,4,4,5,5
1169,2,2,2,5,5
1170,4,4,3,5,2
1171,5,5,5,5,5
1172,5,5,5,5,5
1173,2,4,5,5,2
1174,5,5,5,5,5
1175,5,5,5,5,5
1176,5,5,5,5,5
1177,5,5,5,5,5
1178,4,4,4,5,4
1179,5,5,5,5,5
1180,5,5,5,5,5
1181,5,5,5,5,5
1182,5,5,5,5,5
1183,5,5,5,5,5
1184,2,3,3,3,1
1185,5,5,5,5,5
1186,4,4,4,5,3
1187,5,3,5,5,5
1188,5,5,5,5,5
1189,5,5,5,1,1
1190,5,5,5,5,5
1191,5,5,5,5,5
1192,5,5,5,5,5
1193,5,5,5,5,3
1194,5,5,5,5,5
1195,5,5,5,5,5
1196,5,5,5,5,5
1197,5,5,4,5,1
1198,5,5,5,5,5
1199,5,5,5,5,5
1200,5,5,5,5,5
1201,5,5,5,5,5
1202,3,3,3,5,2
1203,5,5,5,5,4
1204,1,4,5,5,1
1205,5,5,5,5,2
1206,5,5,5,5,5
1207,5,5,5,5,5
1208,5,5,5,5,5
1209,5,5,5,5,5
1210,4,5,5,5,5
1211,5,5,5,5,5
1212,5,5,5,5,5
1213,4,4,4,2,4
1214,5,5,5,5,5
1215,5,5,5,5,5
1216,4,4,4,5,2
1217,3,5,5,5,1
1218,5,5,5,5,5
1219,5,5,5,2,3
1220,4,3,3,3,1
1221,4,5,5,3,2
1222,5,5,5,5,1
1223,5,5,5,5,1
1224,3,3,3,5,5
1225,3,3,3,5,5
1226,5,5,5,5,5
1227,5,5,5,5,1
1228,4,5,3,5,1
1229,5,5,4,5,2
1230,1,1,1,5,4
1231,5,5,5,5,5
1232,5,5,5,5,5
1233,3,1,5,3,1
1234,5,5,5,5,5
1235,4,5,5,5,2
1236,3,3,5,5,2
1237,4,4,4,1,1
1238,5,5,5,5,5
1239,5,5,5,5,5
1240,5,5,5,5,5
1241,5,4,3,5,5
1242,5,5,5,5,5
1243,5,5,5,5,5
1244,5,4,5,3,1
1245,4,5,5,5,1
1246,1,5,5,1,1
1247,2,2,2,5,5
1248,5,5,5,5,5
1249,2,2,2,5,5
1250,5,5,5,5,5
1251,3,5,5,5,5
1252,5,5,5,5,5
1253,3,3,3,2,3
1254,5,5,5,5,5
1255,5,5,5,5,5
1256,1,5,5,1,1
1257,5,5,5,5,5
1258,5,5,5,5,5
1259,5,5,5,5,5
1260,3,3,5,5,5
1261,5,5,5,5,5
1262,5,5,5,4,3
1263,3,5,2,1,1
1264,5,5,5,5,5
1265,5,5,5,5,5
1266,3,3,3,5,5
1267,5,5,5,5,5
1268,5,5,5,5,1
1269,5,5,5,5,5
1270,5,5,5,5,5
1271,5,5,5,5,5
1272,5,5,4,4,5
1273,5,5,4,1,1
1274,5,5,5,5,4
1275,5,5,5,5,5
1276,4,4,4,5,5
1277,5,5,5,1,2
1278,5,5,5,5,5
1279,5,5,5,5,5
1280,5,5,3,5,5
1281,5,5,3,5,5
1282,2,2,2,1,1
1283,5,5,5,5,2
1284,5,5,5,5,5
1285,5,5,5,5,3
1286,1,3,3,5,1
1287,5,5,5,5,5
1288,5,5,5,5,5
1289,4,4,4,5,2
1290,5,5,5,5,5
1291,5,5,5,5,5
1292,5,5,5,5,4
1293,5,5,5,5,4
1294,3,2,5,3,1
1295,5,5,5,5,5
1296,4,4,4,5,2
1297,3,5,5,5,5
1298,3,3,3,5,5
1299,4,4,4,5,4
1300,5,5,5,5,5
1301,4,5,5,5,1
1302,5,5,5,5,2
1303,5,5,5,5,5
1304,4,4,4,5,5
1305,3,3,3,5,5
1306,1,3,3,5,5
1307,5,5,5,5,5
1308,5,5,5,5,5
1309,5,5,4,5,3
1310,4,4,4,5,5
1311,5,5,5,5,2
1312,5,5,5,1,1
1313,5,5,5,5,5
1314,5,5,5,5,1
1315,5,5,5,5,5
1316,5,5,5,5,4
1317,5,5,5,5,5
1318,4,4,4,5,5
1319,5,5,5,5,3
1320,4,5,5,5,1
1321,5,5,5,5,5
1322,5,5,5,5,2
1323,5,5,5,5,5
1324,5,5,5,5,5
1325,5,5,5,5,5
1326,4,4,4,3,2
1327,5,5,5,5,5
1328,5,5,5,5,2
1329,5,5,3,5,5
1330,5,5,5,5,5
1331,5,5,5,5,5
1332,4,3,3,1,1
1333,3,3,3,5,4
1334,3,3,3,5,4
1335,3,5,5,5,2
1336,5,5,5,5,5
1337,3,3,3,5,5
1338,5,5,5,5,5
1339,5,5,5,5,5
1340,5,5,5,5,5
1341,4,5,5,5,2
1342,5,5,5,5,2
1343,4,4,4,5,5
1344,5,5,5,5,5
1345,3,5,3,1,1
1346,4,5,5,3,1
1347,5,5,5,5,5
1348,5,5,5,5,4
1349,5,5,5,5,5
1350,3,5,5,5,5
1351,4,4,4,5,4
1352,5,5,5,5,4
1353,5,5,5,5,4
1354,5,5,5,5,5
1355,5,5,5,5,5
1356,5,5,5,5,5
1357,3,5,5,5,1
1358,5,5,5,5,5
1359,4,4,4,5,4
1360,5,5,5,5,5
1361,5,5,5,5,2
1362,5,5,5,5,5
1363,5,5,5,1,1
1364,3,3,3,1,2
1365,5,5,5,5,5
1366,5,5,5,5,5
1367,3,1,3,1,1
1368,4,4,4,4,3
1369,5,5,5,5,4
1370,4,3,4,1,1
1371,5,5,5,5,5
1372,5,5,5,5,1
1373,5,5,5,5,5
1374,5,5,5,5,5
1375,1,4,2,1,1
1376,5,5,5,5,5
1377,4,4,4,5,5
1378,4,4,4,5,5
1379,5,5,5,5,4
1380,5,5,5,5,2
1381,5,5,5,1,5
1382,5,5,5,5,5
1383,3,3,3,5,2
1384,5,5,5,5,5
1385,5,5,5,5,5
1386,3,3,3,5,1
1387,5,5,5,5,5
1388,5,5,5,5,5
1389,5,5,5,5,5
1390,4,4,4,5,5
1391,5,5,1,1,1
1392,5,5,5,5,4
1393,5,5,3,3,1
1394,5,5,5,5,5
1395,5,5,5,5,5
1396,5,5,5,5,5
1397,5,5,5,5,2
1398,5,5,5,5,5
1399,4,4,5,1,5
1400,3,5,5,5,3
1401,5,5,5,5,5
1402,5,5,5,5,5
1403,5,5,5,5,5
1404,5,5,5,5,5
1405,5,5,5,5,4
1406,5,5,5,5,2
1407,5,5,3,5,2
1408,5,5,5,5,5
1409,5,5,5,5,5
1410,5,4,4,5,2
1411,4,4,4,4,5
1412,5,5,5,5,3
1413,5,5,5,5,5
1414,4,4,4,2,4
1415,5,5,5,5,5
1416,5,5,5,5,5
1417,2,4,1,1,1
1418,3,3,3,5,5
1419,4,4,4,5,2
1420,5,5,5,5,5
1421,5,5,5,2,1
1422,5,5,5,4,5
1423,4,4,4,5,4
1424,5,5,5,5,1
1425,5,5,5,5,5
1426,5,5,5,5,5
1427,5,5,5,5,5
1428,5,5,5,5,5
1429,3,3,1,1,1
1430,5,5,3,5,5
1431,5,5,5,5,5
1432,5,5,5,5,5
1433,5,5,5,5,1
1434,5,4,5,3,1
1435,2,2,2,5,4
1436,5,5,5,5,5
1437,5,5,5,5,4
1438,5,5,5,5,5
1439,3,3,3,5,2
1440,3,3,3,5,5
1441,5,5,5,5,5
1442,5,5,5,5,5
1443,4,4,4,4,4
1444,4,3,3,5,5
1445,5,5,5,5,5
1446,2,1,5,3,1
1447,5,5,5,5,5
1448,5,5,5,5,5
1449,4,4,2,3,1
1450,5,5,5,5,5
1451,3,3,3,5,1
1452,5,5,5,5,5
1453,5,5,5,5,4
1454,5,5,5,5,5
1455,3,5,3,1,1
1456,3,3,3,5,5
1457,2,2,2,5,4
1458,5,5,5,5,5
1459,5,5,5,5,5
1460,5,5,5,1,5
1461,5,5,5,4,3
1462,5,5,5,5,5
1463,5,5,5,5,5
1464,5,5,5,5,3
1465,5,5,5,5,5
1466,5,5,5,5,5
1467,5,5,5,5,1
1468,3,5,5,5,1
1469,5,5,5,5,5
1470,3,5,5,5,1
1471,4,4,4,5,4
1472,5,5,5,5,5
1473,5,5,5,5,5
1474,5,5,5,5,4
1475,5,5,5,5,5
1476,5,5,5,5,5
1477,5,5,5,5,5
1478,4,5,4,5,1
1479,2,5,1,3,1
1480,4,4,4,5,5
1481,5,5,5,5,5
1482,3,3,3,5,5
1483,5,5,5,5,5
1484,5,5,5,5,5
1485,5,5,5,5,5
1486,4,1,1,5,1
1487,5,5,5,5,4
1488,4,4,4,5,5
1489,4,4,4,5,4
1490,5,5,3,5,5
1491,4,4,4,5,1
1492,5,5,5,4,5
1493,5,5,5,3,1
1494,3,5,4,5,1
1495,5,5,5,5,5
1496,5,5,5,5,5
1497,5,5,5,3,1
1498,5,5,5,5,5
1499,5,5,5,5,5
1500,5,5,5,5,5
1501,5,5,5,5,5
1502,1,3,3,5,1
1503,5,3,3,3,1
1504,4,4,5,3,2
1505,5,5,5,5,5
1506,3,3,4,5,5
1507,5,5,5,5,5
1508,5,5,5,5,5
1509,5,5,5,5,4
1510,5,3,3,1,1
1511,5,5,5,1,1
1512,5,5,5,5,5
1513,5,5,5,5,4
1514,2,4,1,1,1
1515,3,3,1,3,1
1516,1,5,4,1,2
1517,1,1,5,5,5
1518,5,5,5,5,5
1519,5,5,5,5,5
1520,2,4,4,1,2
1521,5,5,5,5,5
1522,5,5,5,5,5
1523,5,5,5,5,5
1524,5,5,5,5,5
1525,5,5,5,5,5
1526,5,5,5,5,3
1527,5,5,5,5,5
1528,5,5,5,5,5
1529,5,5,5,5,5
1530,5,5,5,5,5
1531,5,5,5,5,5
1532,5,5,5,4,5
1533,5,5,5,5,5
1534,5,5,5,5,5
1535,5,5,5,5,5
1536,5,5,5,5,5
1537,5,5,5,5,5
1538,4,4,4,5,2
1539,3,1,1,1,1
1540,5,5,5,5,5
1541,5,5,5,5,4
1542,5,5,5,5,5
1543,5,5,5,5,5
1544,5,5,5,5,5
1545,4,4,5,5,1
1546,4,4,4,5,5
1547,5,5,5,5,5
1548,5,5,5,5,5
1549,5,5,5,5,5
1550,4,4,4,5,5
1551,3,3,3,5,5
1552,5,5,5,5,5
1553,5,5,5,1,3
1554,5,5,5,5,3
1555,4,4,4,5,5
1556,4,4,4,3,1
1557,5,2,4,3,2
1558,4,3,3,5,1
1559,4,4,3,1,1
1560,4,5,2,5,2
1561,3,3,3,5,4
1562,3,3,5,5,2
1563,5,5,5,5,4
1564,3,5,5,3,1
1565,5,5,5,5,5
1566,3,3,3,1,4
1567,1,1,1,1,5
1568,5,5,5,5,5
1569,3,5,1,3,1
1570,5,5,5,4,5
1571,5,5,5,5,5
1572,2,2,2,5,3
1573,5,5,5,5,5
1574,3,3,3,1,1
1575,5,5,5,5,5
1576,4,5,5,5,1
1577,3,5,5,5,1
1578,5,5,5,2,3
1579,5,5,5,5,5
1580,5,5,5,5,5
1581,3,3,3,5,2
1582,5,5,5,5,4
1583,5,5,5,5,5
1584,5,5,5,5,4
1585,5,5,5,5,5
1586,1,1,1,1,1
1587,5,5,5,5,5
1588,5,5,5,5,5
1589,5,5,5,5,5
1590,5,5,5,5,5
1591,5,5,5,5,5
1592,5,3,5,1,1
1593,5,3,3,5,2
1594,5,5,5,1,5
1595,5,5,5,1,1
1596,3,5,3,1,1
1597,5,5,5,5,5
1598,4,4,5,3,1
1599,5,5,5,5,5
1600,5,5,5,5,5
1601,5,5,5,5,2
1602,5,5,5,5,5
1603,5,5,5,5,5
1604,5,5,5,5,5
1605,5,5,5,5,5
1606,2,4,4,1,1
1607,5,5,5,5,5
1608,4,5,5,5,5
1609,5,5,5,5,3
1610,4,4,4,5,5
1611,5,5,5,5,5
1612,5,5,5,5,5
1613,1,5,3,3,1
1614,5,5,5,5,5
1615,5,5,5,5,5
1616,5,5,5,5,5
1617,5,5,5,5,5
1618,5,5,2,1,3
1619,5,5,4,5,3
1620,5,5,5,5,4
1621,5,5,5,5,5
1622,5,5,5,5,5
1623,5,5,5,2,3
1624,5,5,5,5,5
1625,5,5,5,5,5
1626,5,5,5,5,5
1627,5,5,5,5,5
1628,5,5,5,5,5
1629,4,4,4,5,5
1630,1,1,3,3,1
1631,5,5,5,5,1
1632,5,5,5,5,2
1633,1,1,3,3,1
1634,4,3,3,1,1
1635,4,4,4,5,4
1636,5,5,5,5,3
1637,3,5,5,5,5
1638,5,5,5,5,5
1639,3,3,3,5,4
1640,3,3,3,5,5
1641,5,5,5,5,5
1642,3,3,3,1,1
1643,5,5,5,5,5
1644,3,5,2,5,5
1645,5,5,5,5,5
1646,5,5,5,5,5
1647,5,4,2,1,1
1648,4,4,4,5,5
1649,4,4,3,5,1
1650,5,5,5,5,5
1651,5,5,5,5,5
1652,5,5,5,5,4
1653,5,5,5,5,5
1654,5,5,5,5,5
1655,5,5,5,5,5
1656,3,3,3,5,5
1657,5,5,5,5,5
1658,5,5,5,5,5
1659,5,5,5,5,5
1660,4,4,4,5,5
1661,5,5,5,5,5
1662,3,3,3,5,2
1663,5,5,5,5,5
1664,5,5,5,5,5
1665,1,1,1,1,1
1666,5,5,5,5,5
1667,5,5,5,5,5
1668,5,5,5,5,2
1669,3,3,3,2,2
1670,5,5,5,5,5
1671,5,5,5,1,1
1672,4,4,5,5,5
1673,5,5,5,5,5
1674,5,5,5,5,4
1675,5,5,5,5,2
1676,3,3,3,3,3
1677,3,3,3,1,1
1678,4,4,4,1,1
1679,3,5,5,1,1
1680,5,5,5,5,5
1681,3,3,5,5,5
1682,5,5,5,5,5
1683,5,5,5,5,2
1684,5,5,5,4,5
1685,5,5,5,5,5
1686,5,5,3,3,1
1687,5,5,5,5,5
1688,5,5,5,1,1
1689,5,5,5,5,5
1690,5,5,5,5,5
1691,4,4,5,5,2
1692,5,5,5,5,5
1693,3,3,3,5,4
1694,5,5,5,5,5
1695,4,4,4,5,4
1696,5,5,5,5,5
1697,5,5,5,5,5
1698,5,5,5,5,5
1699,5,5,5,5,5
1700,5,5,5,5,5
1701,5,5,5,5,5
1702,3,5,5,5,1
1703,5,5,5,5,5
1704,4,4,4,5,4
1705,5,5,5,5,5
1706,4,5,5,5,3
1707,5,5,5,1,5
1708,5,5,5,5,5
1709,4,4,4,5,5
1710,5,5,4,5,1
1711,5,5,5,5,5
1712,5,5,5,5,5
1713,5,5,5,5,5
1714,4,4,4,1,1
1715,4,4,5,5,5
1716,5,3,3,5,5
1717,4,4,4,1,4
1718,5,5,5,5,4
1719,5,5,5,5,5
1720,5,5,4,5,5
1721,5,5,5,5,5
1722,5,5,5,5,5
1723,5,5,5,5,4
1724,5,5,5,5,5
1725,5,5,5,5,5
1726,4,4,4,5,5
1727,4,5,5,5,5
1728,4,4,5,5,2
1729,5,5,5,5,5
1730,2,4,5,3,1
1731,5,5,5,5,5
1732,5,5,3,3,1
1733,3,4,4,3,2
1734,5,5,5,5,5
1735,5,5,5,5,5
1736,5,5,5,5,5
1737,5,5,5,5,1
1738,1,3,3,5,1
1739,5,5,5,1,5
1740,2,3,4,1,1
1741,5,5,5,5,1
1742,5,5,5,3,5
1743,3,5,5,1,1
1744,4,5,2,3,1
1745,5,5,5,5,5
1746,5,5,5,5,5
1747,5,5,5,5,4
1748,3,3,3,5,5
1749,5,5,5,5,5
1750,4,4,4,5,5
1751,3,3,3,5,2
1752,5,5,5,5,5
1753,5,5,5,5,5
1754,3,5,4,1,2
1755,5,5,5,5,2
1756,5,5,5,5,5
1757,5,5,5,5,5
1758,3,3,3,5,1
1759,5,5,5,5,1
1760,5,5,5,5,5
1761,5,5,5,5,5
1762,4,4,4,5,5
1763,5,5,5,5,1
1764,5,5,5,5,1
1765,5,5,5,5,5
1766,5,5,5,5,5
1767,5,5,5,5,5
1768,2,3,3,1,1
1769,5,5,5,5,1
1770,5,5,5,5,5
1771,4,4,4,5,5
1772,4,4,5,5,2
1773,3,3,3,3,1
1774,3,3,4,5,2
1775,5,5,5,5,5
1776,5,5,5,5,5
1777,4,4,4,1,5
1778,5,5,5,5,2
1779,5,5,5,5,4
1780,3,3,3,1,3
1781,5,5,5,5,5
1782,4,5,5,5,2
1783,5,5,5,5,5
1784,5,5,5,5,5
1785,5,5,5,5,5
1786,4,4,4,5,5
1787,4,4,5,5,5
1788,3,3,2,1,1
1789,4,4,4,5,5
1790,3,5,5,5,1
1791,4,4,4,4,5
1792,4,4,4,5,2
1793,2,5,5,5,1
1794,2,1,2,3,1
1795,5,5,5,5,5
1796,5,5,5,5,5
1797,5,5,5,5,5
1798,5,5,5,5,4
1799,5,5,5,3,2
1800,1,3,3,5,1
1801,4,4,5,5,2
1802,3,5,5,5,2
1803,5,5,5,1,1
1804,5,5,5,5,1
1805,5,5,5,5,5
1806,3,3,3,5,1
1807,5,5,5,5,5
1808,5,5,5,5,5
1809,4,4,4,5,2
1810,5,5,5,5,4
1811,3,3,3,5,4
1812,5,5,5,5,5
1813,4,4,4,5,4
1814,5,5,5,5,5
1815,5,5,5,5,5
1816,5,5,5,5,5
1817,5,5,5,5,5
1818,5,5,5,5,4
1819,5,5,5,1,5
1820,2,2,4,1,1
1821,2,2,2,1,2
1822,5,5,5,1,5
1823,5,5,5,5,5
1824,5,5,5,5,5
1825,5,5,5,5,5
1826,3,5,5,5,3
1827,5,5,5,5,5
1828,1,1,1,1,1
1829,5,5,5,5,5
1830,5,5,5,5,5
1831,5,5,5,5,5
1832,5,5,5,1,5
1833,4,4,4,5,1
1834,3,3,3,2,3
1835,5,5,5,5,5
1836,5,5,5,5,5
1837,5,5,5,5,5
1838,5,5,4,5,1
1839,5,5,5,5,5
1840,5,5,5,5,5
1841,5,5,5,5,5
1842,5,5,5,5,2
1843,5,5,5,5,5
1844,5,5,5,5,5
1845,5,5,5,1,1
1846,5,3,4,5,1
1847,5,5,5,5,5
1848,5,5,5,1,5
1849,3,5,3,5,1
1850,5,5,5,5,5
1851,5,5,5,5,5
1852,3,3,3,5,4
1853,5,5,5,5,5
1854,5,5,5,5,5
1855,5,5,5,5,5
1856,5,5,5,4,5
1857,5,5,5,5,5
1858,5,5,5,5,5
1859,4,4,4,5,2
1860,4,4,4,5,5
1861,5,5,5,5,5
1862,2,5,3,1,1
1863,5,5,5,5,5
1864,5,5,5,5,5
1865,5,5,5,5,5
1866,5,5,5,5,5
1867,5,5,5,5,5
1868,5,5,5,1,5
1869,3,5,5,5,5
1870,5,5,3,1,1
1871,5,5,5,5,5
1872,5,5,5,5,4
1873,3,4,1,5,1
1874,5,5,5,5,5
1875,5,5,5,1,5
1876,4,4,4,5,2
1877,5,5,5,5,5
1878,4,4,4,5,5
1879,5,5,5,5,5
1880,5,5,5,5,5
1881,3,5,5,5,1
1882,5,5,5,5,5
1883,5,5,5,5,1
1884,5,5,5,5,2
1885,3,3,3,5,5
1886,3,3,3,1,2
1887,5,5,5,5,4
1888,4,4,5,5,5
1889,5,3,3,1,1
1890,5,5,5,5,2
1891,5,5,5,5,5
1892,4,5,5,3,1
1893,5,5,5,5,5
1894,3,3,3,3,1
1895,2,3,5,1,1
1896,5,5,5,5,5
1897,5,5,5,5,5
1898,3,3,3,5,5
1899,5,5,4,5,1
1900,3,3,5,5,1
1901,5,5,5,5,5
1902,5,5,5,5,5
1903,5,5,5,5,5
1904,4,1,3,3,1
1905,4,4,4,5,4
1906,5,5,5,5,4
1907,5,5,5,5,5
1908,2,2,4,3,1
1909,5,5,5,5,5
1910,2,2,3,3,1
1911,4,5,5,5,2
1912,2,1,1,1,1
1913,5,5,5,5,5
1914,5,5,5,5,5
1915,3,3,5,3,1
1916,5,5,5,5,5
1917,1,1,1,1,1
1918,5,5,5,5,5
1919,5,5,5,5,5
1920,3,5,5,5,5
1921,5,5,5,5,5
1922,5,5,5,5,5
1923,1,5,5,5,1
1924,5,2,5,5,5
1925,5,5,5,5,5
1926,5,5,5,5,5
1927,5,5,5,5,5
1928,3,5,5,3,1
1929,1,3,3,3,1
1930,5,5,5,5,5
1931,5,5,3,5,2
1932,5,5,5,5,4
1933,5,5,5,5,5
1934,5,5,5,5,5
1935,1,5,5,5,1
1936,5,5,5,5,3
1937,5,5,5,5,5
1938,4,5,5,5,1
1939,5,5,5,5,5
1940,3,5,3,3,1
1941,5,5,5,5,5
1942,5,5,5,5,1
1943,5,5,5,5,5
1944,5,5,5,2,5
1945,5,5,5,5,5
1946,5,5,5,5,5
1947,5,5,5,5,5
1948,5,5,5,5,5
1949,5,4,3,5,1
1950,4,3,3,1,1
1951,5,5,5,5,5
1952,5,5,5,5,5
1953,3,3,3,5,5
1954,5,5,5,5,1
1955,5,5,5,5,5
1956,5,5,5,5,5
1957,5,5,5,5,5
1958,3,3,3,5,5
1959,5,5,4,5,1
1960,5,5,5,5,5
1961,2,5,5,5,1
1962,5,5,5,5,5
1963,4,5,5,5,2
1964,5,5,5,5,5
1965,3,5,5,3,1
1966,5,5,5,5,5
1967,4,4,5,1,1
1968,5,5,5,5,2
1969,5,5,5,5,5
1970,5,5,5,5,5
1971,3,3,3,5,5
1972,5,5,5,5,4
1973,5,5,5,5,5
1974,5,5,5,5,2
1975,5,5,5,5,5
1976,1,5,5,1,1
1977,5,5,5,1,1
1978,5,5,5,5,5
1979,5,5,5,5,5
1980,5,5,5,1,5
1981,5,5,5,5,5
1982,5,5,5,5,5
1983,5,5,5,5,5
1984,5,5,5,3,2
1985,5,3,3,3,1
1986,5,5,5,5,5
1987,5,5,5,5,5
1988,5,5,5,5,5
1989,5,5,5,5,5
1990,3,3,3,3,4
1991,5,5,5,5,5
1992,5,5,5,5,5
1993,2,5,5,5,1
1994,5,5,5,5,5
1995,4,4,5,5,2
1996,5,5,5,5,1
1997,5,5,5,5,3
1998,5,5,5,5,5
1999,5,5,5,5,1
2000,5,5,5,3,1
2001,4,3,1,3,1
2002,5,5,5,5,2
2003,4,5,5,5,5
2004,4,4,4,5,4
2005,5,5,5,5,5
2006,5,5,5,5,5
2007,5,5,5,5,5
2008,1,1,2,5,2
2009,5,5,5,5,3
2010,5,3,4,3,1
2011,5,5,5,5,5
2012,4,3,3,5,5
2013,5,5,5,5,5
2014,5,5,5,5,5
2015,4,4,4,5,5
2016,5,5,5,5,5
2017,5,5,5,5,5
2018,5,5,5,5,5
2019,3,3,3,1,1
2020,3,3,3,5,5
2021,5,5,5,5,5
2022,5,5,5,2,5
2023,4,4,5,1,3
2024,5,5,5,5,4
2025,5,5,5,5,5
2026,5,5,5,5,5
2027,5,5,5,5,5
2028,5,5,5,5,5
2029,4,4,4,3,1
2030,4,4,4,5,2
2031,3,3,5,3,1
2032,5,5,5,5,5
2033,4,3,5,1,1
2034,5,5,5,5,5
2035,5,5,5,5,5
2036,5,5,5,5,5
2037,5,5,5,5,5
2038,2,4,4,5,1
2039,5,5,5,5,2
2040,2,5,5,5,1
2041,4,4,4,5,4
2042,5,5,5,5,5
2043,5,5,5,5,5
2044,5,5,5,5,5
2045,5,5,5,5,5
2046,5,5,5,5,5
2047,5,5,5,5,5
2048,3,5,5,5,1
2049,5,5,5,2,5
2050,3,5,1,5,1
2051,5,5,5,1,5
2052,5,5,5,5,5
2053,5,5,5,5,5
2054,3,3,5,5,5
2055,5,5,5,5,5
2056,5,5,5,5,4
2057,5,5,5,1,1
2058,5,5,5,5,5
2059,5,5,5,5,5
2060,5,5,5,5,5
2061,5,5,5,5,5
2062,5,5,5,5,5
2063,3,3,3,5,5
2064,5,5,5,5,5
2065,5,5,5,5,5
2066,5,5,5,5,5
2067,5,3,3,5,5
2068,5,5,5,5,5
2069,5,5,5,5,5
2070,5,5,5,5,5
2071,3,3,3,5,5
2072,5,5,5,5,5
2073,5,5,5,5,5
2074,1,3,5,1,1
2075,5,5,5,1,5
2076,5,5,5,5,5
2077,2,2,3,5,1
2078,5,5,5,5,5
2079,5,5,5,5,5
2080,5,5,5,5,5
2081,2,2,2,3,1
2082,5,5,5,5,5
2083,5,5,5,5,5
2084,5,5,5,5,5
2085,3,4,5,5,1
2086,5,5,3,5,5
2087,3,5,5,5,5
2088,5,5,5,1,3
2089,4,4,5,5,1
2090,5,5,5,5,5
2091,5,5,5,5,5
2092,5,1,3,1,1
2093,5,5,5,5,5
2094,5,5,5,5,1
2095,5,5,5,2,5
2096,5,5,5,5,5
2097,4,4,4,5,5
2098,3,3,3,5,5
2099,5,5,3,5,5
2100,5,5,5,5,5
2101,5,5,5,5,5
2102,5,5,5,5,5
2103,5,5,5,5,5
2104,5,5,5,5,4
2105,5,5,4,1,2
2106,5,3,3,3,1
2107,4,5,4,5,1
2108,5,5,4,5,3
2109,5,5,3,5,3
2110,1,5,5,5,5
2111,4,4,4,5,5
2112,4,4,4,5,5
2113,5,2,2,1,2
2114,5,5,5,5,5
2115,4,4,4,5,5
2116,5,5,5,1,3
2117,5,3,5,5,1
2118,5,5,5,5,5
2119,2,2,2,5,5
2120,3,3,3,5,2
2121,3,3,3,5,3
2122,3,3,3,5,5
2123,1,1,1,3,1
2124,5,5,5,5,5
2125,5,5,5,5,4
2126,5,5,5,4,3
2127,5,5,5,5,4
2128,4,4,3,3,1
2129,4,5,3,1,1
2130,5,5,5,5,5
2131,5,5,5,5,5
2132,5,5,5,5,5
2133,5,5,5,5,5
2134,5,5,5,5,5
2135,5,5,5,5,5
2136,3,3,3,5,5
2137,5,5,5,5,5
2138,5,5,5,5,4
2139,4,4,4,5,5
2140,5,5,5,5,1
2141,4,4,4,5,5
2142,4,4,4,5,5
2143,5,5,5,1,2
2144,5,5,5,5,5
2145,5,5,5,5,5
2146,5,5,5,5,5
2147,5,5,5,5,4
2148,5,5,5,5,3
2149,4,5,5,1,1
2150,5,5,5,5,5
2151,5,5,5,5,5
2152,2,4,3,3,1
2153,5,5,5,5,5
2154,4,4,4,5,5
2155,4,4,3,5,1
2156,5,1,3,1,1
2157,5,5,5,5,5
2158,5,5,5,5,5
2159,5,5,5,5,4
2160,5,5,5,5,2
2161,5,5,5,5,5
2162,3,5,5,5,5
2163,5,5,5,5,5
2164,5,5,5,5,5
2165,5,5,5,5,5
2166,5,5,5,5,5
2167,5,5,5,5,5
2168,5,5,5,4,5
2169,5,5,5,5,5
2170,3,4,1,1,1
2171,5,5,5,5,4
2172,5,5,5,5,5
2173,5,5,5,5,1
2174,2,5,5,1,3
2175,3,3,3,5,5
2176,5,5,5,5,4
2177,5,5,5,5,2
2178,5,5,5,5,5
2179,5,5,5,5,5
2180,5,5,5,5,1
2181,5,5,5,5,5
2182,5,5,5,5,5
2183,5,5,5,4,3
2184,5,5,5,5,5
2185,5,5,5,5,5
2186,4,5,5,1,1
2187,3,3,3,3,1
2188,2,2,2,5,5
2189,3,3,5,3,1
2190,5,5,5,5,5
2191,3,3,3,5,5
2192,5,5,5,5,5
2193,3,5,1,5,1
2194,5,5,5,3,3
2195,5,5,5,5,2
2196,3,3,5,5,1
2197,5,5,5,5,5
2198,5,5,5,5,5
2199,5,5,5,5,3
2200,4,4,4,5,4
2201,5,5,5,5,5
2202,5,5,5,5,5
2203,5,5,5,5,5
2204,5,5,5,5,5
2205,5,5,5,5,5
2206,4,4,4,5,2
2207,5,5,5,5,5
2208,5,5,5,5,5
2209,4,4,4,5,5
2210,5,2,2,3,2
2211,5,5,5,5,5
2212,5,5,5,2,2
2213,5,5,5,5,3
2214,1,3,3,1,1
2215,5,5,5,5,5
2216,3,4,3,5,1
2217,5,5,5,5,5
2218,2,2,2,5,5
2219,5,5,5,5,5
2220,5,5,5,5,3
2221,5,5,5,5,5
2222,5,5,5,1,1
2223,5,5,5,5,5
2224,5,5,5,5,5
2225,5,5,5,5,5
2226,5,5,5,5,5
2227,5,5,5,5,5
2228,3,3,5,5,1
2229,5,5,5,5,4
2230,5,5,5,5,5
2231,5,5,5,5,5
2232,3,5,4,5,3
2233,5,5,5,5,5
2234,5,5,5,5,5
2235,4,3,5,1,2
2236,5,5,5,5,5
2237,2,2,2,1,2
2238,5,5,5,3,2
2239,1,1,1,1,1
2240,5,5,4,5,4
2241,4,4,5,5,1
2242,3,3,3,5,5
2243,5,5,5,5,5
2244,5,5,5,5,5
2245,1,3,3,1,1
2246,5,5,5,5,5
2247,5,5,5,5,4
2248,5,5,5,5,5
2249,5,5,5,5,5
2250,5,5,5,5,4
2251,5,5,5,5,4
2252,5,5,5,5,5
2253,5,5,5,5,4
2254,5,5,5,5,2
2255,5,5,5,5,5
2256,5,5,5,5,5
2257,5,5,5,5,5
2258,5,5,5,5,5
2259,1,4,3,1,1
2260,5,5,5,5,5
2261,3,3,3,5,5
2262,4,4,4,3,2
2263,5,3,5,5,1
2264,5,5,5,5,5
2265,3,3,3,5,5
2266,5,5,5,5,5
2267,3,3,3,5,5
2268,4,4,4,5,5
2269,5,5,5,5,1
2270,4,4,4,1,1
2271,2,5,5,5,5
2272,4,4,4,5,5
2273,4,4,4,5,4
2274,5,5,5,5,5
2275,5,5,3,5,5
2276,5,5,5,5,5
2277,5,5,5,5,5
2278,5,5,5,5,5
2279,5,5,5,5,5
2280,5,5,5,5,5
2281,5,5,5,5,5
2282,5,5,5,5,5
2283,5,5,5,5,5
2284,5,5,5,5,5
2285,5,5,5,5,5
2286,5,5,5,5,5
2287,5,5,5,5,5
2288,4,4,4,5,4
2289,5,5,5,5,5
2290,5,5,5,5,2
2291,1,3,3,3,1
2292,5,5,5,5,1
2293,5,5,5,5,5
2294,4,4,4,5,5
2295,3,3,3,5,2
2296,5,5,5,5,1
2297,5,5,5,5,5
2298,5,5,5,5,5
2299,3,3,5,5,3
2300,5,5,5,5,5
2301,5,5,5,5,5
2302,4,4,4,5,2
2303,5,5,5,5,1
2304,5,5,5,5,5
2305,2,3,3,3,1
2306,5,5,3,5,5
2307,5,5,5,5,5
2308,5,5,5,5,4
2309,5,5,5,5,5
2310,3,5,5,5,5
2311,5,5,5,5,5
2312,5,5,5,4,5
2313,4,4,4,5,5
2314,5,5,5,5,5
2315,5,5,5,5,5
2316,5,5,5,5,5
2317,5,5,5,5,5
2318,4,4,4,5,4
2319,4,4,4,5,5
2320,5,5,5,5,5
2321,5,3,5,3,1
2322,2,2,2,5,4
2323,3,3,3,3,4
2324,3,5,5,3,1
2325,5,5,5,5,5
2326,5,5,5,5,2
2327,5,5,5,5,5
2328,5,2,5,3,1
2329,5,5,5,5,1
2330,3,3,5,5,5
2331,3,3,3,5,2
2332,5,5,5,5,5
2333,2,4,4,1,1
2334,5,5,5,5,5
2335,5,5,5,5,4
2336,5,5,5,5,4
2337,3,3,3,5,5
2338,2,5,5,3,1
2339,5,5,5,5,5
2340,5,5,5,5,5
2341,4,4,4,5,5
2342,4,4,4,5,5
2343,5,5,5,5,2
2344,5,5,5,5,4
2345,3,5,5,1,1
2346,5,5,5,1,1
2347,5,5,5,5,5
2348,5,5,5,5,5
2349,5,5,5,5,5
2350,4,4,4,5,4
2351,5,5,5,5,4
2352,3,1,1,5,5
2353,5,5,5,5,5
2354,3,3,3,2,2
2355,5,5,5,5,5
2356,5,4,4,1,1
2357,5,5,5,5,5
2358,5,5,5,5,5
2359,5,5,5,5,4
2360,5,5,5,5,5
2361,5,5,5,5,4
2362,5,5,5,1,3
2363,4,4,4,5,5
2364,3,1,1,5,1
2365,5,5,5,5,5
2366,4,5,5,5,5
2367,5,5,5,5,5
2368,3,3,1,1,1
2369,5,5,5,5,5
2370,5,5,5,5,5
2371,5,5,5,5,5
2372,3,5,5,5,5
2373,3,3,3,5,5
2374,4,4,4,5,5
2375,5,5,5,5,5
2376,5,5,5,5,5
2377,5,5,5,4,5
2378,5,5,5,5,5
2379,5,3,5,5,1
2380,2,3,3,5,1
2381,5,5,5,5,5
2382,5,5,5,5,5
2383,5,5,5,4,4
2384,4,4,4,5,4
2385,5,5,5,5,5
2386,5,5,5,5,5
2387,5,5,5,5,5
2388,5,5,5,5,5
2389,3,5,5,5,5
2390,2,2,3,3,1
2391,5,5,5,5,5
2392,5,5,5,1,5
2393,3,3,3,5,5
2394,5,5,5,5,5
2395,5,5,5,5,5
2396,5,5,5,5,5
2397,5,5,5,5,5
2398,5,5,5,5,5
2399,5,5,5,5,5
2400,2,2,2,2,2
2401,5,5,3,3,1
2402,1,4,1,1,1
2403,5,5,5,5,5
2404,5,5,5,5,5
2405,5,5,5,5,5
2406,5,5,5,5,5
2407,3,5,5,5,5
2408,5,5,5,5,5
2409,5,5,5,5,5
2410,5,5,5,5,5
2411,3,3,3,5,5
2412,5,5,5,5,5
2413,3,3,3,5,5
2414,5,5,5,1,5
2415,5,5,5,5,5
2416,5,5,5,5,4
2417,5,5,5,5,5
2418,4,4,4,5,5
2419,5,5,5,5,5
2420,5,5,5,5,5
2421,5,5,5,5,5
2422,5,5,5,5,1
2423,5,5,5,5,5
2424,5,5,5,5,4
2425,3,5,5,5,1
2426,5,5,5,5,5
2427,5,5,5,4,3
2428,5,5,5,5,5
2429,5,5,5,5,4
2430,5,5,5,5,5
2431,5,5,5,4,5
2432,4,5,5,5,2
2433,5,5,5,5,2
2434,5,5,3,5,5
2435,5,4,5,1,1
2436,4,4,4,5,1
2437,5,5,5,5,5
2438,3,3,3,1,1
2439,5,5,5,5,5
2440,5,5,5,5,4
2441,5,5,4,5,5
2442,3,3,3,5,1
2443,5,5,5,5,5
2444,5,5,5,4,5
2445,5,5,5,5,5
2446,5,5,5,5,5
2447,5,5,5,5,5
2448,5,5,5,5,5
2449,5,5,5,5,5
2450,3,5,3,3,1
2451,5,5,5,5,5
2452,5,5,5,5,2
2453,5,5,5,5,5
2454,5,5,5,5,5
2455,5,5,5,5,5
2456,2,2,4,5,1
2457,5,5,4,5,2
2458,5,5,5,5,5
2459,5,3,3,1,1
2460,4,4,4,5,5
2461,5,5,5,5,5
2462,5,4,4,3,2
2463,5,5,5,5,5
2464,2,2,4,3,1
2465,5,5,5,5,5
2466,5,5,5,5,3
2467,5,5,5,5,5
2468,3,3,3,5,5
2469,5,5,5,5,1
2470,5,3,3,3,1
2471,3,5,5,5,1
2472,3,3,3,5,3
2473,2,2,2,5,5
2474,5,5,5,5,5
2475,5,5,5,5,5
2476,5,5,4,5,1
2477,5,5,5,5,5
2478,2,2,2,1,1
2479,5,5,5,5,5
2480,5,3,3,5,1
2481,4,4,4,5,4
2482,4,4,4,5,5
2483,5,5,5,5,5
2484,5,5,5,5,5
2485,5,5,5,5,4
2486,4,4,4,5,4
2487,5,5,5,5,5
2488,5,5,5,5,5
2489,5,5,5,5,5
2490,5,5,5,5,5
2491,5,5,5,5,5
2492,2,2,2,3,2
2493,5,5,5,5,5
2494,5,5,5,5,5
2495,5,5,5,5,5
2496,4,4,4,3,2
2497,5,5,5,5,5
2498,5,5,5,5,5
2499,5,5,5,5,5
2500,5,5,5,5,5
2501,5,5,5,5,5
2502,5,5,5,5,5
2503,3,3,5,5,5
2504,5,5,5,5,5
2505,5,5,5,1,1
2506,5,5,5,5,5
2507,5,5,5,5,5
2508,5,5,5,5,5
2509,4,2,3,3,1
2510,5,5,5,5,5
2511,1,5,1,3,1
2512,5,5,5,5,5
2513,5,5,5,5,5
2514,2,1,3,1,1
2515,2,5,5,5,5
2516,5,5,5,5,1
2517,5,5,5,5,5
2518,4,4,4,5,5
2519,3,5,5,5,5
2520,5,5,4,5,5
2521,5,5,5,5,5
2522,2,5,4,5,2
2523,5,5,5,1,1
2524,5,3,5,1,1
2525,3,3,3,5,5
2526,5,5,5,5,5
2527,5,5,5,3,2
2528,5,5,5,4,5
2529,5,5,5,5,5
2530,5,5,5,5,5
2531,5,5,5,5,5
2532,4,4,5,5,1
2533,5,5,5,5,5
2534,3,5,5,5,1
2535,5,5,5,5,5
2536,5,5,5,5,1
2537,5,5,5,2,3
2538,5,5,5,5,5
2539,5,5,5,5,5
2540,5,5,5,5,5
2541,5,5,5,5,5
2542,5,5,5,5,4
2543,4,4,4,2,4
2544,2,4,4,5,1
2545,5,5,5,5,5
2546,4,5,5,5,1
2547,5,5,5,5,5
2548,4,4,4,5,5
2549,5,5,5,5,5
2550,2,1,5,3,1
2551,2,5,3,1,1
2552,5,5,5,5,5
2553,5,5,5,5,5
2554,4,5,4,5,1
2555,1,5,5,5,2
2556,4,4,4,4,4
2557,3,3,1,3,1
2558,5,5,5,5,2
2559,4,5,5,5,5
2560,5,5,5,5,5
2561,5,5,5,5,5
2562,5,5,5,5,5
2563,5,5,5,5,5
2564,3,3,3,5,1
2565,4,4,4,5,5
2566,5,5,5,4,5
2567,3,3,5,5,1
2568,3,4,1,1,1
2569,5,5,5,5,5
2570,5,5,5,5,5
2571,3,3,1,5,1
2572,5,5,5,5,5
2573,4,4,4,5,5
2574,4,5,3,3,1
2575,3,3,3,5,1
2576,5,5,5,5,4
2577,5,5,5,5,5
2578,5,5,5,5,4
2579,5,5,5,5,5
2580,5,5,5,5,5
2581,4,4,5,5,5
2582,5,3,3,5,1
2583,3,3,3,5,2
2584,2,4,5,5,5
2585,5,5,5,5,5
2586,5,5,5,5,1
2587,5,5,5,5,5
2588,4,4,2,5,1
2589,1,2,2,5,5
2590,5,5,5,4,5
2591,4,5,5,1,1
2592,5,5,5,1,1
2593,5,5,5,5,5
2594,5,5,5,5,5
2595,5,5,5,5,5
2596,5,5,5,5,5
2597,4,3,5,5,1
2598,5,5,5,5,5
2599,4,5,2,5,2
2600,5,5,5,5,5
2601,4,1,1,1,1
2602,5,5,5,5,5
2603,5,5,5,5,5
2604,5,5,5,5,3
2605,5,5,5,5,5
2606,5,5,5,5,5
2607,4,4,4,4,5
2608,5,5,5,4,5
2609,3,3,5,3,1
2610,5,5,5,5,5
2611,4,4,4,5,5
2612,5,5,5,5,5
2613,5,5,5,5,5
2614,5,5,5,5,5
2615,5,5,5,5,5
2616,5,5,5,5,2
2617,5,5,5,5,5
2618,5,5,5,5,5
2619,5,5,5,1,5
2620,4,5,5,3,1
2621,5,5,5,5,5
2622,5,5,5,5,5
2623,5,5,5,5,5
2624,2,4,2,1,1
2625,4,4,4,1,2
2626,5,5,5,5,5
2627,5,5,5,5,3
2628,4,4,4,5,5
2629,5,5,5,5,4
2630,5,5,5,5,5
2631,4,4,4,4,2
2632,5,5,5,5,5
2633,5,5,5,5,5
2634,5,5,5,5,5
2635,5,5,5,5,5
2636,5,5,5,5,5
2637,3,3,3,5,5
2638,3,3,5,5,5
2639,5,5,5,5,5
2640,5,5,5,5,5
2641,4,4,4,5,4
2642,4,4,5,5,5
2643,5,5,5,5,1
2644,4,4,4,1,1
2645,2,3,3,5,2
2646,5,5,5,5,5
2647,4,4,2,1,2
2648,2,5,5,5,2
2649,1,1,1,5,4
2650,5,5,5,5,5
2651,2,4,4,5,2
2652,5,5,5,5,5
2653,4,5,5,5,1
2654,5,5,5,5,5
2655,3,3,3,5,5
2656,5,2,5,5,1
2657,5,5,5,5,4
2658,4,5,5,5,2
2659,4,4,4,3,1
2660,5,5,5,5,5
2661,5,5,5,5,5
2662,5,5,5,5,5
2663,5,5,5,5,5
2664,5,5,5,5,5
2665,5,5,5,5,5
2666,5,5,5,5,4
2667,1,3,5,5,1
2668,1,3,3,5,5
2669,3,3,3,5,4
2670,3,3,3,1,1
2671,5,5,5,5,5
2672,1,5,3,3,1
2673,5,5,5,5,5
2674,4,4,4,5,5
2675,5,5,5,4,5
2676,5,5,5,5,4
2677,5,5,5,5,4
2678,4,4,4,5,5
2679,3,5,5,5,5
2680,5,5,5,5,5
2681,5,5,5,5,5
2682,5,5,5,5,5
2683,5,5,5,5,5
2684,5,5,5,5,5
2685,5,5,5,5,2
2686,5,5,5,5,5
2687,5,5,5,5,5
2688,5,5,5,5,5
2689,4,4,4,5,5
2690,5,5,5,5,4
2691,5,5,5,5,5
2692,3,3,1,1,1
2693,5,5,5,5,5
2694,4,4,2,5,1
2695,5,5,5,5,3
2696,3,5,5,5,5
2697,5,5,5,5,5
2698,5,5,5,5,5
2699,3,5,3,5,5
2700,1,5,3,1,1
2701,4,4,5,5,2
2702,5,5,5,1,5
2703,3,3,3,5,2
2704,5,5,5,5,5
2705,4,4,4,3,1
2706,5,5,5,5,2
2707,5,5,5,5,5
2708,5,5,5,5,2
2709,5,5,4,3,1
2710,5,5,5,5,5
2711,4,4,4,5,2
2712,5,5,5,5,5
2713,5,5,5,5,5
2714,5,5,5,5,5
2715,5,5,5,5,5
2716,5,5,5,5,5
2717,5,5,5,4,5
2718,1,1,3,1,1
2719,5,5,5,5,5
2720,5,5,5,5,5
2721,1,3,3,1,1
2722,5,5,5,5,5
2723,5,5,5,5,5
2724,4,4,4,5,5
2725,4,4,4,5,5
2726,5,5,5,5,5
2727,5,5,5,5,1
2728,5,4,4,3,1
2729,5,5,5,3,1
2730,5,5,5,5,5
2731,5,5,5,5,5
2732,5,5,5,5,5
2733,5,5,5,4,2
2734,5,5,5,5,5
2735,5,5,5,5,5
2736,5,5,5,5,5
2737,4,4,1,3,1
2738,5,5,5,5,2
2739,5,5,5,5,5
2740,4,5,5,5,2
2741,5,4,5,5,1
2742,5,5,5,5,5
2743,5,5,5,3,1
2744,4,2,4,3,2
2745,5,5,5,5,5
2746,5,5,5,5,5
2747,5,5,5,5,1
2748,4,5,5,5,1
2749,5,5,5,5,5
2750,5,5,5,4,4
2751,4,1,3,3,1
2752,5,5,5,5,5
2753,5,5,5,5,5
2754,5,5,4,5,1
2755,2,4,4,5,2
2756,5,5,5,5,5
2757,5,5,5,1,5
2758,5,5,5,5,5
2759,5,5,5,5,5
2760,3,3,5,1,1
2761,5,5,5,5,5
2762,4,4,4,5,3
2763,5,5,5,5,5
2764,5,5,5,5,5
2765,5,5,5,5,5
2766,5,5,5,5,5
2767,5,5,5,1,1
2768,4,4,4,5,5
2769,5,5,5,5,5
2770,5,5,5,5,5
2771,5,5,5,5,5
2772,5,5,5,5,5
2773,5,5,5,5,5
2774,5,5,5,5,5
2775,2,2,4,3,2
2776,3,3,5,5,2
2777,5,5,5,5,5
2778,5,5,5,5,5
2779,4,4,4,5,1
2780,5,5,5,5,1
2781,5,5,5,5,5
2782,4,4,4,5,5
2783,5,5,5,5,5
2784,5,5,5,5,5
2785,5,5,5,5,5
2786,5,5,5,5,5
2787,5,5,5,4,5
2788,5,5,5,5,5
2789,3,3,3,5,5
2790,5,5,5,5,5
2791,5,5,5,5,5
2792,3,5,5,5,5
2793,5,5,3,5,5
2794,5,5,5,5,5
2795,5,5,5,4,5
2796,5,5,5,5,5
2797,5,5,5,2,3
2798,4,4,4,5,5
2799,3,5,3,5,5
2800,3,3,3,5,3
2801,5,5,5,5,1
2802,5,5,5,5,2
2803,5,5,5,5,5
2804,4,4,4,5,5
2805,4,4,4,3,1
2806,1,4,5,5,2
2807,5,5,5,5,5
2808,4,4,4,5,5
2809,5,5,5,5,5
2810,5,5,5,5,5
2811,5,5,5,5,5
2812,5,5,5,5,5
2813,5,5,5,5,5
2814,5,5,5,5,5
2815,5,5,5,5,5
2816,5,5,5,5,5
2817,5,5,5,5,5
2818,4,4,4,5,1
2819,4,4,4,5,5
2820,5,5,5,5,5
2821,5,5,5,5,5
2822,5,5,5,5,5
2823,5,5,4,5,5
2824,2,1,1,1,1
2825,5,5,5,1,5
2826,5,5,5,5,4
2827,4,4,4,5,5
2828,5,5,5,5,5
2829,5,5,5,5,5
2830,4,5,5,3,1
2831,5,5,5,5,5
2832,5,5,5,5,3
2833,5,5,5,5,5
2834,3,3,3,5,5
2835,5,5,5,5,5
2836,3,3,3,5,5
2837,5,1,1,1,1
2838,5,5,5,5,5
2839,4,4,5,3,1
2840,5,5,5,5,5
2841,5,5,5,5,2
2842,3,3,3,5,5
2843,5,5,5,4,5
2844,4,4,5,5,1
2845,5,5,5,5,5
2846,4,4,4,5,5
2847,5,5,5,5,5
2848,5,5,5,5,5
2849,5,5,5,5,5
2850,5,5,5,5,5
2851,5,5,5,5,4
2852,5,5,5,5,5
2853,5,5,5,5,5
2854,5,5,5,5,5
2855,5,5,5,5,5
2856,5,5,5,5,5
2857,5,5,5,5,3
2858,4,4,3,5,1
2859,5,5,5,5,5
2860,5,5,5,5,5
2861,5,5,5,5,5
2862,5,5,5,5,5
2863,5,5,5,5,5
2864,5,5,5,5,5
2865,5,5,5,5,5
2866,4,3,5,5,2
2867,5,5,5,5,5
2868,5,5,5,5,5
2869,4,4,4,5,2
2870,5,5,5,5,5
2871,5,5,5,5,5
2872,5,5,5,5,2
2873,5,5,5,5,5
2874,5,5,5,5,5
2875,4,4,4,5,4
2876,5,5,5,5,5
2877,2,2,2,5,4
2878,5,5,5,5,1
2879,5,5,5,5,2
2880,5,5,5,5,5
2881,4,5,5,1,3
2882,1,1,2,1,1
2883,4,4,4,5,5
2884,5,5,5,5,5
2885,5,5,5,5,5
2886,5,5,5,5,5
2887,5,5,5,5,5
2888,4,4,4,5,5
2889,4,4,5,5,2
2890,5,5,3,5,5
2891,5,5,5,5,4
2892,5,5,5,5,5
2893,3,3,4,5,2
2894,3,3,3,5,5
2895,3,5,5,5,2
2896,3,5,5,5,5
2897,5,5,5,5,5
2898,5,5,5,5,5
2899,5,5,5,3,1
2900,5,5,5,5,5
2901,3,5,5,5,5
2902,5,5,5,5,5
2903,5,5,5,5,5
2904,5,5,5,5,5
2905,5,5,5,5,5
2906,5,5,5,5,5
2907,2,1,3,5,1
2908,5,5,5,5,5
2909,5,5,5,5,5
2910,5,5,5,5,3
2911,5,5,5,5,2
2912,5,5,5,5,5
2913,5,5,5,5,5
2914,2,1,3,1,1
2915,3,3,3,5,5
2916,4,4,4,5,5
2917,5,5,5,5,5
2918,3,5,2,1,1
2919,5,5,5,5,5
2920,2,2,2,3,2
2921,1,5,2,1,1
2922,5,5,5,5,4
2923,5,5,5,5,5
2924,4,4,4,5,2
2925,5,3,5,5,1
2926,4,4,4,5,5
2927,3,5,5,5,5
2928,5,5,5,5,5
2929,5,5,5,4,5
2930,5,5,5,5,5
2931,5,5,5,5,5
2932,5,5,5,5,5
2933,5,5,5,5,5
2934,2,1,3,3,1
2935,5,5,5,5,5
2936,5,5,5,5,1
2937,5,5,5,1,3
2938,2,2,3,5,4
2939,4,3,5,5,5
2940,4,5,2,3,1
2941,4,4,4,5,5
2942,5,5,5,1,1
2943,5,5,5,5,5
2944,2,3,1,1,2
2945,5,5,5,5,5
2946,3,3,5,5,5
2947,5,5,5,5,5
2948,5,5,5,5,5
2949,5,5,5,5,5
2950,4,3,3,3,1
2951,5,5,5,5,5
2952,4,2,5,5,5
2953,2,2,3,3,2
2954,5,5,5,5,5
2955,5,5,5,5,4
2956,5,5,5,1,5
2957,5,5,5,5,5
2958,5,5,5,5,5
2959,5,5,5,5,5
2960,5,5,5,5,5
2961,5,5,5,5,4
2962,3,3,3,5,5
2963,5,5,5,5,5
2964,5,5,5,5,5
2965,5,5,5,5,5
2966,5,5,5,5,5
2967,5,5,5,5,5
2968,5,5,5,5,4
2969,4,3,2,3,1
2970,5,5,5,5,5
2971,2,2,2,1,2
2972,4,5,5,1,5
2973,5,5,5,5,5
2974,5,5,5,5,4
2975,5,5,5,5,4
2976,1,1,3,1,1
2977,2,2,2,5,4
2978,5,5,5,5,5
2979,5,5,5,5,5
2980,3,3,5,5,4
2981,5,5,5,5,5
2982,5,5,5,5,5
2983,5,5,5,5,5
2984,5,5,5,5,5
2985,5,5,5,5,5
2986,4,4,5,5,3
2987,5,5,5,5,5
2988,5,5,5,5,5
2989,2,2,2,1,2
2990,5,5,5,5,5
2991,5,5,5,5,5
2992,5,5,5,5,5
2993,3,5,5,5,1
2994,3,4,4,1,1
2995,3,3,3,3,1
2996,5,5,5,5,2
2997,5,5,5,5,5
2998,5,5,5,5,5
2999,2,2,2,3,1
3000,4,5,5,1,2
3001,5,5,5,5,4
3002,5,5,5,5,5
3003,1,3,5,5,1
3004,5,5,5,5,5
3005,5,5,5,5,5
3006,5,5,5,5,5
3007,3,3,1,5,1
3008,5,5,5,5,5
3009,5,5,5,5,5
3010,5,5,5,1,5
3011,5,5,5,5,4
3012,5,5,5,5,5
3013,5,5,4,5,3
3014,5,5,5,5,5
3015,5,5,5,5,1
3016,5,5,5,5,5
3017,4,3,5,1,1
3018,1,2,2,1,1
3019,5,5,5,5,4
3020,5,5,5,5,5
3021,4,4,4,5,5
3022,5,5,5,5,5
3023,5,5,5,1,5
3024,5,5,5,5,5
3025,5,5,3,1,5
3026,5,5,5,5,5
3027,5,5,5,5,5
3028,5,5,5,5,5
3029,5,5,5,5,3
3030,5,5,5,2,5
3031,2,4,2,1,1
3032,5,5,5,5,5
3033,5,5,5,5,5
3034,5,5,5,5,4
3035,1,4,3,5,2
3036,5,5,5,5,5
3037,5,5,5,5,1
3038,5,5,5,3,1
3039,2,2,2,5,4
3040,5,5,5,5,5
3041,3,5,5,5,5
3042,5,5,5,5,5
3043,3,5,5,5,5
3044,5,5,5,3,2
3045,5,5,5,5,5
3046,4,4,5,3,2
3047,5,5,5,5,5
3048,5,5,5,5,5
3049,5,5,5,5,5
3050,5,5,5,3,1
3051,5,5,5,5,2
3052,5,5,5,5,1
3053,5,5,5,1,5
3054,5,5,5,1,5
3055,5,5,5,5,5
3056,3,3,3,5,1
3057,5,5,5,5,4
3058,4,4,4,5,5
3059,1,3,5,5,1
3060,5,5,5,5,5
3061,5,5,5,5,5
3062,5,5,5,5,5
3063,5,5,5,1,3
3064,5,5,5,5,5
3065,5,3,5,1,1
3066,5,5,5,5,5
3067,5,5,5,5,1
3068,5,5,5,5,5
3069,5,5,5,5,5
3070,3,3,3,2,3
3071,5,5,5,3,5
3072,4,4,4,5,5
3073,5,5,5,5,5
3074,5,5,5,5,5
3075,5,5,5,5,4
3076,4,4,4,5,2
3077,5,5,5,5,5
3078,5,5,5,5,5
3079,5,5,5,5,5
3080,5,5,5,5,5
3081,5,5,5,5,5
3082,5,5,5,5,5
3083,4,4,4,5,5
3084,3,5,4,5,1
3085,5,5,5,5,5
3086,5,5,5,5,5
3087,5,5,5,5,4
3088,5,5,5,5,5
3089,4,4,4,5,1
3090,5,5,5,5,5
3091,5,5,5,5,5
3092,5,5,5,5,4
3093,5,5,5,5,5
3094,5,5,5,5,5
3095,5,5,5,5,5
3096,1,5,1,1,1
3097,2,2,3,1,1
3098,5,5,5,1,1
3099,5,5,5,5,5
3100,5,5,5,5,5
3101,3,5,5,5,1
3102,5,5,5,5,5
3103,5,5,5,5,5
3104,5,5,5,5,1
3105,5,5,5,4,1
3106,5,5,5,5,5
3107,4,5,3,5,1
3108,2,5,2,3,1
3109,5,5,5,5,4
3110,1,3,4,3,2
3111,3,3,3,5,5
3112,4,4,4,5,5
3113,5,5,5,5,4
3114,5,5,5,5,5
3115,5,5,5,5,5
3116,5,5,5,5,5
3117,5,5,5,5,5
3118,5,5,5,1,5
3119,4,4,4,5,5
3120,5,5,5,5,5
3121,5,5,5,5,5
3122,5,5,5,1,5
3123,5,5,5,5,2
3124,5,5,5,5,5
3125,4,4,4,5,5
3126,5,5,5,5,5
3127,5,5,5,5,5
3128,5,5,5,5,5
3129,5,5,5,5,5
3130,5,5,5,5,5
3131,4,4,4,4,2
3132,5,5,5,5,5
3133,5,5,5,5,5
3134,5,5,5,5,5
3135,5,5,5,5,5
3136,5,5,5,5,1
3137,5,5,5,5,5
3138,5,5,5,5,5
3139,5,5,5,5,5
3140,5,5,5,5,5
3141,3,3,3,5,5
3142,5,5,5,5,5
3143,5,5,5,5,5
3144,5,5,5,5,5
3145,5,5,5,5,5
3146,4,4,4,5,2
3147,5,5,5,5,5
3148,5,5,5,5,4
3149,5,5,5,1,5
3150,5,5,5,5,5
3151,5,5,5,5,5
3152,5,5,5,5,5
3153,5,5,5,5,5
3154,5,5,5,5,3
3155,5,5,5,5,5
3156,4,2,2,1,1
3157,5,5,5,5,5
3158,3,5,5,5,1
3159,5,5,5,5,5
3160,5,5,5,5,2
3161,5,5,5,5,1
3162,5,5,5,5,5
3163,5,5,5,5,5
3164,5,5,5,5,5
3165,5,5,5,5,5
3166,5,5,5,5,5
3167,3,3,3,5,5
3168,5,5,5,5,5
3169,5,5,5,5,5
3170,3,3,3,5,5
3171,5,5,5,5,4
3172,5,5,5,5,5
3173,4,4,1,3,1
3174,5,5,5,5,5
3175,4,4,5,3,1
3176,4,4,4,5,4
3177,5,5,5,5,2
3178,4,5,5,5,5
3179,5,5,5,5,5
3180,1,5,3,5,5
3181,4,5,5,1,1
3182,5,5,5,5,5
3183,5,5,5,5,5
3184,2,2,3,1,1
3185,5,5,5,5,5
3186,5,5,5,5,1
3187,5,5,3,5,1
3188,4,4,4,5,5
3189,1,4,4,1,1
3190,5,5,5,5,5
3191,5,5,5,5,3
3192,4,4,4,5,2
3193,5,5,5,5,5
3194,5,5,5,5,1
3195,4,3,5,5,5
3196,5,5,5,1,3
3197,4,5,5,5,5
3198,5,5,5,5,5
3199,5,5,5,5,5
3200,5,5,5,5,5
3201,5,5,5,5,5
3202,5,5,5,5,5
3203,5,5,5,5,5
3204,5,5,5,5,5
3205,5,5,5,4,5
3206,5,5,5,5,5
3207,5,5,5,5,5
3208,5,5,5,5,5
3209,3,3,3,5,5
3210,4,4,4,5,4
3211,5,5,5,5,5
3212,5,5,5,5,5
3213,5,5,5,5,5
3214,5,5,5,5,5
3215,5,5,5,5,4
3216,5,5,5,5,3
3217,3,3,3,5,5
3218,5,5,5,5,2
3219,5,5,5,5,5
3220,5,5,5,5,5
3221,4,4,4,5,5
3222,5,5,5,5,3
3223,5,5,5,5,5
3224,5,5,5,5,5
3225,5,5,5,5,1
3226,5,5,5,5,5
3227,5,5,5,5,5
3228,3,5,5,5,1
3229,5,5,5,5,5
3230,5,5,5,5,5
3231,5,5,5,5,5
3232,5,5,5,5,4
3233,5,5,5,5,5
3234,2,2,2,5,1
3235,5,5,5,5,5
3236,5,5,5,5,3
3237,5,5,5,5,5
3238,5,5,5,5,5
3239,5,5,5,5,1
3240,5,5,5,5,5
3241,5,5,5,5,5
3242,5,5,5,5,5
3243,5,5,5,5,5
3244,5,5,5,5,5
3245,5,5,5,5,5
3246,5,5,5,5,5
3247,5,5,5,5,5
3248,5,5,5,5,5
3249,5,5,5,5,5
3250,5,5,5,5,5
3251,5,5,5,5,5
3252,5,5,5,5,4
3253,5,5,5,5,5
3254,5,5,5,5,5
3255,4,4,4,5,4
3256,5,5,5,5,2
3257,4,4,4,5,5
3258,4,4,4,5,5
3259,5,5,5,5,5
3260,5,5,5,5,5
3261,5,5,5,5,2
3262,5,5,5,5,5
3263,5,5,5,5,1
3264,1,5,3,5,1
3265,4,4,4,5,5
3266,5,5,5,5,5
3267,5,5,5,5,5
3268,5,5,5,5,5
3269,5,5,5,5,5
3270,4,4,4,5,5
3271,5,5,5,5,5
3272,5,5,5,1,4
3273,5,5,5,5,5
3274,5,5,5,5,5
3275,3,5,5,5,1
3276,5,5,5,5,5
3277,4,5,5,5,1
3278,5,5,5,5,5
3279,5,5,5,5,5
3280,5,5,5,5,5
3281,5,5,5,5,5
3282,3,1,1,5,1
3283,5,4,5,5,1
3284,5,5,5,5,3
3285,5,5,5,5,5
3286,5,5,5,5,1
3287,5,5,5,1,1
3288,5,5,5,5,5
3289,2,5,4,3,1
3290,5,3,5,5,2
3291,5,5,5,5,5
3292,4,4,5,5,5
3293,4,4,4,5,5
3294,5,5,5,5,4
3295,4,4,5,3,2
3296,4,4,5,5,2
3297,5,5,5,5,1
3298,3,5,1,3,1
3299,5,5,5,5,5
3300,5,5,4,5,5
3301,4,4,4,5,5
3302,5,5,5,4,5
3303,5,5,5,5,5
3304,4,4,4,5,5
3305,2,2,2,5,4
3306,5,5,5,5,5
3307,4,4,4,3,1
3308,1,4,5,5,1
3309,5,5,5,5,5
3310,4,4,4,5,5
3311,5,5,5,5,5
3312,5,5,5,5,4
3313,5,5,5,5,5
3314,4,2,2,1,2
3315,5,5,5,5,5
3316,5,5,5,5,5
3317,5,5,5,5,5
3318,5,5,5,5,5
3319,4,4,4,5,4
3320,2,2,2,5,5
3321,5,5,5,5,5
3322,2,2,2,5,2
3323,5,5,5,5,3
3324,5,4,5,5,1
3325,5,5,5,5,5
3326,4,2,5,5,2
3327,5,5,5,5,1
3328,4,4,4,5,4
3329,5,5,5,5,5
3330,5,5,5,5,5
3331,2,5,4,5,5
3332,5,5,5,5,5
3333,4,4,4,5,5
3334,4,3,3,5,1
3335,5,5,5,5,1
3336,5,5,5,5,5
3337,5,5,5,1,5
3338,5,5,5,1,1
3339,5,5,5,5,2
3340,5,5,5,5,4
3341,4,4,4,2,2
3342,5,5,5,5,1
3343,5,5,5,5,3
3344,5,5,5,5,5
3345,5,5,5,5,5
3346,5,5,5,5,2
3347,5,3,3,5,5
3348,5,5,5,5,5
3349,5,5,5,5,2
3350,5,5,5,5,2
3351,4,4,4,3,2
3352,5,5,5,5,5
3353,5,5,5,5,5
3354,4,4,4,5,5
3355,4,3,3,1,1
3356,4,4,2,5,2
3357,5,5,5,5,5
3358,5,5,5,4,5
3359,5,5,5,5,5
3360,5,5,5,5,5
3361,4,4,4,5,5
3362,5,5,5,5,5
3363,5,5,5,5,3
3364,5,5,5,5,5
3365,5,5,5,5,5
3366,5,5,5,5,5
3367,5,5,3,5,3
3368,5,4,5,4,5
3369,5,5,5,5,5
3370,4,5,5,5,1
3371,5,5,5,5,5
3372,3,3,3,5,1
3373,4,4,4,5,5
3374,3,3,3,5,5
3375,4,5,4,1,1
3376,5,5,5,5,5
3377,5,5,5,1,5
3378,5,5,4,5,5
3379,5,5,5,5,5
3380,2,4,3,3,2
3381,1,3,3,1,1
3382,5,5,5,1,1
3383,5,5,5,5,5
3384,5,3,3,5,5
3385,5,5,5,5,1
3386,5,5,5,5,4
3387,5,5,5,5,5
3388,5,5,5,5,5
3389,1,1,3,3,1
3390,5,5,5,5,5
3391,5,5,5,1,5
3392,1,3,5,3,1
3393,1,3,5,1,1
3394,5,5,5,5,2
3395,5,5,5,5,5
3396,5,5,5,5,5
3397,5,5,5,5,5
3398,4,4,4,5,5
3399,5,5,5,5,5
3400,5,5,5,5,5
3401,5,5,4,5,2
3402,5,5,5,5,5
3403,5,5,5,5,5
3404,5,5,5,5,5
3405,5,5,5,5,5
3406,5,5,3,5,5
3407,3,5,5,5,4
3408,5,5,3,1,1
3409,5,5,3,3,1
3410,5,5,5,1,5
3411,5,5,5,5,5
3412,1,1,5,5,1
3413,2,5,5,3,1
3414,5,5,5,5,5
3415,5,5,5,5,5
3416,5,5,5,5,5
3417,4,4,4,5,5
3418,5,5,5,5,5
3419,5,5,5,5,5
3420,5,5,5,5,4
3421,5,5,3,5,1
3422,5,5,5,5,5
3423,5,5,5,5,5
3424,4,4,4,5,5
3425,5,5,5,5,5
3426,4,2,2,1,1
3427,5,5,5,5,5
3428,5,5,5,5,5
3429,5,5,5,2,5
3430,5,5,5,5,4
3431,5,5,5,5,5
3432,5,5,3,5,5
3433,3,3,2,3,1
3434,5,5,5,5,5
3435,1,5,5,3,1
3436,2,5,5,3,1
3437,5,5,5,5,5
3438,5,5,5,5,5
3439,4,3,3,1,1
3440,3,3,3,5,1
3441,5,5,5,5,5
3442,5,5,5,5,5
3443,5,5,5,5,5
3444,3,3,5,5,5
3445,5,5,5,5,5
3446,5,5,5,5,5
3447,3,5,5,5,1
3448,3,4,5,5,1
3449,3,3,3,5,2
3450,5,5,5,5,2
3451,5,5,5,5,1
3452,5,5,5,5,5
3453,4,4,4,5,5
3454,5,5,5,5,5
3455,3,2,5,5,1
3456,5,5,5,5,5
3457,5,5,5,5,5
3458,5,5,5,5,5
3459,2,4,5,5,2
3460,1,1,1,1,1
3461,5,5,5,5,5
3462,5,5,5,1,5
3463,5,5,5,5,5
3464,4,4,4,5,5
3465,5,5,5,5,5
3466,5,5,5,5,5
3467,5,5,5,5,5
3468,3,5,5,5,2
3469,5,5,5,5,5
3470,5,5,5,5,5
3471,5,5,5,5,5
3472,5,5,5,5,5
3473,5,5,5,5,5
3474,5,5,5,5,3
3475,5,5,5,5,5
3476,5,5,5,5,5
3477,5,5,5,5,5
3478,5,5,5,5,5
3479,5,5,5,5,2
3480,3,5,5,3,1
3481,5,5,5,5,1
3482,5,5,5,5,5
3483,5,5,5,1,5
3484,5,5,5,5,3
3485,5,5,5,5,5
3486,5,5,5,5,5
3487,5,5,5,5,5
3488,3,5,3,5,5
3489,5,5,5,5,5
3490,5,5,5,3,3
3491,4,5,5,5,5
3492,5,5,5,5,5
3493,5,3,4,5,5
3494,5,5,5,5,5
3495,5,5,5,5,5
3496,5,5,5,5,5
3497,5,5,5,5,5
3498,5,5,3,1,1
3499,5,5,5,5,5
3500,5,5,5,5,5
3501,5,5,5,4,3
3502,4,4,4,5,2
3503,5,5,5,5,5
3504,3,5,5,5,5
3505,4,4,2,5,5
3506,5,5,3,1,1
3507,5,5,5,4,5
3508,5,5,5,5,5
3509,4,4,4,5,4
3510,5,3,3,3,1
3511,5,5,5,5,5
3512,5,5,5,5,5
3513,5,5,5,5,5
3514,4,4,4,5,2
3515,5,5,5,5,5
3516,3,3,3,5,5
3517,5,5,5,5,5
3518,5,5,5,5,5
3519,3,5,5,1,1
3520,5,5,4,5,5
3521,4,4,4,5,5
3522,5,5,5,5,5
3523,2,2,2,3,1
3524,5,5,5,5,1
3525,5,5,5,5,5
3526,5,5,5,5,5
3527,5,5,5,5,5
3528,5,5,5,5,5
3529,5,5,5,5,5
3530,4,4,4,5,5
3531,5,5,5,5,4
3532,5,5,5,5,5
3533,3,3,3,3,1
3534,5,5,5,5,4
3535,5,5,5,5,5
3536,5,5,5,5,5
3537,5,5,5,5,5
3538,5,5,5,4,5
3539,5,5,5,5,5
3540,5,5,5,5,5
3541,5,5,5,5,5
3542,5,5,5,4,5
3543,5,5,5,5,5
3544,4,4,4,5,5
3545,2,2,4,3,1
3546,5,5,5,5,5
3547,3,1,5,3,1
3548,5,5,5,5,5
3549,5,5,5,5,5
3550,5,5,5,5,5
3551,5,5,5,5,4
3552,5,5,5,5,5
3553,5,5,5,5,5
3554,4,4,4,5,5
3555,5,5,5,5,2
3556,5,5,5,5,5
3557,5,5,5,5,5
3558,5,5,5,5,5
3559,5,5,5,5,5
3560,5,5,5,5,5
3561,5,5,5,5,5
3562,5,5,5,5,5
3563,5,5,5,5,4
3564,5,5,5,5,5
3565,5,5,5,5,5
3566,4,4,4,5,5
3567,4,4,3,5,2
3568,5,5,5,5,5
3569,4,2,2,1,1
3570,5,5,5,1,5
3571,5,5,5,5,5
3572,5,5,5,5,5
3573,5,5,5,5,2
3574,5,5,5,5,5
3575,5,5,5,5,5
3576,5,5,5,5,3
3577,4,4,4,5,5
3578,5,5,5,5,5
3579,5,5,5,5,5
3580,5,5,5,5,5
3581,5,5,5,5,5
3582,4,5,5,5,5
3583,5,5,5,5,5
3584,5,5,5,5,5
3585,5,5,3,5,5
3586,5,5,5,5,5
3587,5,5,3,3,1
3588,5,5,5,5,5
3589,5,5,5,5,5
3590,4,4,4,5,5
3591,5,5,5,5,5
3592,5,5,5,5,5
3593,3,3,3,1,2
3594,5,5,5,5,5
3595,4,4,4,5,5
3596,5,5,5,5,5
3597,5,5,5,3,5
3598,5,5,5,5,5
3599,3,5,4,1,3
3600,5,5,5,5,5
3601,5,5,5,5,5
3602,5,5,5,5,5
3603,4,5,4,5,1
3604,5,5,5,5,5
3605,5,5,5,1,5
3606,5,5,5,5,5
3607,3,3,5,5,3
3608,4,4,4,5,4
3609,5,5,4,5,2
3610,5,5,5,5,5
3611,5,5,5,5,5
3612,5,5,5,5,4
3613,5,5,5,5,5
3614,1,1,1,1,1
3615,3,3,3,1,1
3616,5,5,5,5,5
3617,4,4,4,5,2
3618,4,5,5,5,1
3619,5,5,4,3,1
3620,4,4,4,5,4
3621,5,5,5,5,5
3622,5,3,1,5,1
3623,5,5,5,5,5
3624,3,1,4,1,1
3625,5,5,5,5,5
3626,5,5,5,5,5
3627,5,5,5,5,5
3628,5,5,5,5,5
3629,5,5,5,5,5
3630,5,5,5,5,5
3631,3,3,3,5,3
3632,5,5,5,5,5
3633,5,5,5,5,5
3634,2,2,2,5,1
3635,5,5,5,5,5
3636,4,2,4,1,2
3637,5,5,5,5,5
3638,5,5,5,1,3
3639,5,5,5,5,2
3640,5,5,5,5,5
3641,5,5,5,5,5
3642,2,2,2,5,2
3643,5,5,5,5,1
3644,5,5,5,5,5
3645,5,5,5,4,5
3646,5,5,5,5,5
3647,5,5,5,5,5
3648,5,5,5,5,5
3649,5,5,5,1,5
3650,3,1,4,5,1
3651,5,5,5,5,5
3652,2,5,5,5,1
3653,4,4,5,5,5
3654,1,1,3,1,1
3655,4,4,3,5,5
3656,5,5,5,5,5
3657,5,5,5,1,3
3658,5,5,5,5,5
3659,5,5,5,5,4
3660,5,5,5,5,5
3661,3,5,5,5,5
3662,2,2,2,1,2
3663,5,5,5,5,5
3664,1,1,1,1,1
3665,5,5,5,5,5
3666,1,3,3,3,1
3667,5,5,5,5,5
3668,5,5,5,5,5
3669,3,4,4,5,1
3670,3,3,3,5,5
3671,5,5,5,4,5
3672,1,3,3,5,1
3673,4,4,4,5,5
3674,5,5,5,5,5
3675,1,3,1,5,1
3676,2,2,4,1,1
3677,5,5,5,5,5
3678,5,5,5,1,5
3679,5,5,5,5,5
3680,3,3,3,5,5
3681,5,5,2,5,5
3682,5,5,5,5,1
3683,3,5,3,1,1
3684,5,5,5,5,5
3685,5,5,5,5,5
3686,5,5,5,5,5
3687,5,5,5,5,1
3688,5,5,5,5,5
3689,5,5,5,5,2
3690,3,5,5,5,1
3691,5,5,5,5,5
3692,5,5,5,5,1
3693,5,4,2,5,1
3694,2,2,4,5,1
3695,3,3,3,5,5
3696,5,4,5,1,1
3697,5,5,5,5,5
3698,5,5,5,5,5
3699,5,5,5,5,5
3700,2,2,4,1,1
3701,4,4,4,1,1
3702,5,5,5,5,5
3703,5,5,5,5,5
3704,5,5,5,5,4
3705,5,5,5,5,5
3706,1,2,1,1,1
3707,5,5,5,5,5
3708,5,5,5,5,1
3709,5,5,5,5,5
3710,5,5,5,1,5
3711,5,5,5,5,5
3712,5,5,5,5,5
3713,5,3,5,5,1
3714,3,4,4,5,2
3715,5,5,5,5,5
3716,4,4,4,1,1
3717,4,4,2,5,2
3718,5,5,5,5,5
3719,1,5,3,5,5
3720,4,4,1,4,1
3721,5,5,5,5,3
3722,5,5,5,5,5
3723,4,2,2,1,1
3724,5,5,5,5,5
3725,3,5,5,5,1
3726,5,5,5,5,5
3727,5,5,5,5,5
3728,4,2,2,5,1
3729,5,5,5,5,4
3730,5,5,5,5,5
3731,5,5,5,5,5
3732,4,4,4,5,5
3733,5,5,5,4,4
3734,2,2,2,5,1
3735,5,5,5,5,5
3736,5,5,5,5,5
3737,5,5,5,5,5
3738,3,5,4,5,1
3739,5,5,5,5,5
3740,2,5,4,5,1
3741,3,4,4,1,1
3742,5,5,5,5,5
3743,4,5,5,5,5
3744,5,3,3,3,1
3745,5,5,5,1,2
3746,4,4,4,4,4
3747,5,5,5,5,5
3748,5,5,5,5,5
3749,5,5,5,5,5
3750,5,2,5,5,2
3751,5,5,5,3,1
3752,2,2,2,1,1
3753,5,5,5,5,5
3754,5,5,5,5,5
3755,5,5,5,5,5
3756,3,3,3,5,5
3757,3,5,1,5,1
3758,3,5,3,5,5
3759,5,5,5,5,5
3760,5,5,5,5,5
3761,5,5,5,5,5
3762,4,4,4,5,5
3763,5,5,5,5,5
3764,5,5,5,5,5
3765,4,4,4,1,1
3766,4,5,5,5,5
3767,5,5,5,5,5
3768,5,5,5,5,5
3769,5,5,5,5,5
3770,2,4,4,5,1
3771,5,5,5,5,5
3772,3,3,3,5,5
3773,5,5,5,5,5
3774,3,3,3,5,2
3775,5,5,5,5,5
3776,2,4,4,5,2
3777,5,5,5,4,5
3778,2,2,3,5,2
3779,5,5,5,5,5
3780,5,5,5,5,5
3781,5,5,5,4,3
3782,5,5,5,5,5
3783,5,5,5,5,5
3784,5,5,5,5,5
3785,4,4,4,5,5
3786,5,5,5,5,5
3787,5,5,5,5,5
3788,3,4,4,5,1
3789,2,3,4,5,1
3790,2,1,3,1,1
3791,1,3,1,3,1
3792,3,3,3,1,1
3793,5,5,5,5,5
3794,5,4,4,1,2
3795,5,5,5,5,5
3796,5,5,5,5,2
3797,5,5,5,5,5
3798,5,5,5,5,5
3799,1,4,5,5,2
3800,2,1,1,1,1
3801,5,5,5,5,4
3802,5,5,5,5,3
3803,3,5,5,5,2
3804,5,5,5,5,5
3805,5,5,5,5,5
3806,5,5,5,5,5
3807,5,5,5,5,4
3808,5,5,5,5,5
3809,5,5,5,5,1
3810,5,5,5,1,4
3811,3,3,5,5,5
3812,5,5,5,5,4
3813,5,5,5,5,5
3814,5,5,5,5,5
3815,5,5,5,5,5
3816,5,5,5,5,5
3817,5,5,5,5,5
3818,5,5,5,5,5
3819,4,4,4,1,2
3820,5,5,5,5,5
3821,5,5,5,5,2
3822,1,1,1,5,2
3823,5,5,5,1,5
3824,5,5,5,5,2
3825,5,5,5,3,1
3826,4,4,4,5,4
3827,5,5,5,5,5
3828,4,2,4,1,1
3829,4,5,1,5,1
3830,5,5,5,4,5
3831,2,2,5,5,4
3832,4,4,4,5,5
3833,1,5,1,3,1
3834,5,5,5,5,5
3835,5,5,5,5,5
3836,5,5,5,5,5
3837,5,5,5,5,5
3838,3,4,5,3,1
3839,5,4,3,5,2
3840,4,4,2,5,1
3841,5,5,5,5,2
3842,5,5,5,5,5
3843,5,5,5,5,5
3844,5,3,5,3,1
3845,3,3,3,1,3
3846,3,5,4,1,2
3847,5,5,5,5,5
3848,5,5,5,5,1
3849,5,5,5,5,5
3850,5,5,5,5,5
3851,5,5,5,5,5
3852,5,5,5,5,2
3853,5,5,5,5,5
3854,5,5,5,5,3
3855,5,5,5,5,4
3856,5,5,5,5,5
3857,5,5,5,4,4
3858,3,5,5,5,1
3859,5,5,5,5,5
3860,5,5,5,5,5
3861,5,5,5,5,5
3862,3,5,3,5,1
3863,4,4,5,5,2
3864,4,4,4,5,1
3865,2,2,2,5,5
3866,5,5,5,5,5
3867,4,4,4,3,1
3868,5,5,5,1,1
3869,5,5,5,5,2
3870,2,2,2,1,1
3871,2,2,5,5,1
3872,5,5,5,5,5
3873,5,5,5,5,4
3874,4,4,4,5,2
3875,5,3,3,5,2
3876,5,5,5,5,2
3877,4,5,5,5,5
3878,5,5,5,5,5
3879,3,2,2,1,1
3880,5,5,5,5,5
3881,5,5,5,5,5
3882,2,2,2,5,5
3883,5,5,5,5,5
3884,5,5,5,4,5
3885,5,5,5,5,1
3886,4,4,4,5,5
3887,5,5,5,5,5
3888,2,2,5,5,1
3889,5,3,5,1,1
3890,5,5,5,1,5
3891,5,5,5,5,4
3892,5,5,3,5,5
3893,4,4,5,5,5
3894,5,5,5,5,5
3895,5,5,5,5,1
3896,5,5,5,5,4
3897,5,5,5,5,4
3898,3,3,5,3,3
3899,5,5,5,5,5
3900,2,4,3,3,2
3901,5,5,5,5,5
3902,5,5,5,5,5
3903,5,5,5,5,4
3904,5,5,5,1,1
3905,1,1,1,5,1
3906,5,5,5,5,5
3907,3,3,1,3,1
3908,4,4,5,5,5
3909,5,5,5,5,1
3910,5,5,5,5,5
3911,5,5,5,3,2
3912,5,5,5,5,5
3913,5,5,5,3,3
3914,5,5,5,5,5
3915,5,5,5,5,5
3916,3,5,2,5,1
3917,5,5,5,5,5
3918,5,5,5,5,5
3919,5,5,5,5,5
3920,5,5,5,5,3
3921,3,3,3,5,5
3922,2,2,2,1,2
3923,4,4,4,5,5
3924,4,4,4,5,5
3925,5,5,5,5,5
3926,5,4,5,1,2
3927,5,5,5,3,2
3928,5,5,5,5,5
3929,4,2,4,5,2
3930,4,4,5,5,1
3931,5,5,5,5,5
3932,5,5,5,1,5
3933,5,5,5,5,5
3934,5,5,5,5,4
3935,5,5,5,2,5
3936,5,5,5,5,5
3937,5,5,5,5,5
3938,5,5,5,5,5
3939,5,5,5,5,5
3940,2,2,2,5,1
3941,5,5,5,5,5
3942,5,5,5,5,5
3943,4,4,5,5,4
3944,5,5,5,5,5
3945,5,5,5,5,5
3946,3,5,5,5,2
3947,5,5,5,5,5
3948,5,5,5,5,3
3949,3,5,5,5,1
3950,5,5,5,5,5
3951,5,5,5,5,3
3952,5,5,5,5,5
3953,3,4,4,5,1
3954,5,5,5,5,5
3955,4,4,4,5,5
3956,5,5,5,5,5
3957,5,5,5,5,5
3958,5,5,5,5,2
3959,2,3,3,5,1
3960,4,4,4,5,5
3961,3,3,3,5,5
3962,5,5,5,5,5
3963,5,5,5,5,5
3964,5,5,5,5,5
3965,5,5,5,5,5
3966,5,5,5,5,5
3967,5,3,5,5,5
3968,5,5,5,5,4
3969,2,2,5,5,1
3970,5,5,5,5,5
3971,5,5,5,5,5
3972,4,4,4,5,1
3973,5,5,5,1,1
3974,3,5,3,1,1
3975,5,5,5,5,5
3976,4,4,4,5,5
3977,3,3,3,5,5
3978,5,5,5,5,5
3979,5,5,5,5,5
3980,2,2,2,5,4
3981,5,5,5,5,5
3982,5,5,5,2,3
3983,5,5,5,5,5
3984,3,3,3,5,2
3985,5,5,5,5,5
3986,5,5,5,3,5
3987,5,5,5,5,5
3988,5,5,5,5,2
3989,5,5,5,5,5
3990,5,5,5,5,5
3991,5,5,5,5,4
3992,5,5,5,5,5
3993,5,5,5,5,5
3994,5,5,5,5,5
3995,5,5,5,5,5
3996,2,2,1,1,1
3997,3,3,1,1,1
3998,5,5,5,5,5
3999,5,5,5,5,5
4000,5,5,5,5,5
4001,5,5,5,5,5
4002,5,5,5,5,4
4003,5,5,5,5,5
4004,4,4,4,4,4
4005,5,5,5,5,5
4006,4,5,5,5,5
4007,5,5,5,5,5
4008,5,5,5,5,5
4009,5,5,5,5,5
4010,5,5,5,5,5
4011,5,5,5,5,5
4012,5,5,5,5,5
4013,5,5,5,5,5
4014,5,5,5,5,5
4015,5,5,5,5,5
4016,5,5,5,5,4
4017,5,5,5,5,5
4018,4,4,4,5,5
4019,4,5,5,5,5
4020,5,5,5,5,5
4021,5,5,5,5,5
4022,5,5,5,5,5
4023,5,5,5,5,5
4024,5,5,5,5,5
4025,5,5,5,5,5
4026,3,5,5,5,1
4027,3,2,5,5,1
4028,5,5,5,5,5
4029,5,5,5,5,5
4030,5,5,5,5,5
4031,5,5,5,5,5
4032,3,3,3,5,5
4033,5,5,5,5,5
4034,5,5,5,5,5
4035,5,5,5,5,1
4036,5,5,5,5,5
4037,4,2,1,1,1
4038,5,5,5,5,2
4039,5,5,5,5,5
4040,5,5,5,5,5
4041,4,4,4,5,4
4042,5,5,5,5,4
4043,5,5,5,5,2
4044,4,4,4,5,2
4045,5,5,5,3,2
4046,5,5,5,5,5
4047,5,5,5,5,5
4048,5,5,5,5,5
4049,5,5,5,5,5
4050,5,4,5,5,1
4051,3,5,5,5,2
4052,4,4,5,5,2
4053,5,5,4,5,3
4054,5,5,5,5,2
4055,5,5,5,5,5
4056,4,5,5,1,1
4057,2,2,2,5,4
4058,3,2,3,5,1
4059,2,5,5,5,2
4060,5,5,3,5,5
4061,5,5,5,5,2
4062,5,5,5,5,5
4063,1,3,3,5,1
4064,5,5,5,5,5
4065,3,5,5,5,2
4066,4,4,4,5,4
4067,4,4,3,5,2
4068,5,5,5,2,5
4069,4,4,5,5,2
4070,5,5,5,5,5
4071,5,5,5,5,5
4072,3,3,3,3,2
4073,5,5,5,5,5
4074,5,5,5,5,2
4075,5,5,5,5,5
4076,5,5,5,5,1
4077,2,3,1,1,1
4078,5,5,5,5,2
4079,5,5,5,5,5
4080,5,5,5,5,5
4081,5,5,5,5,5
4082,4,4,4,5,4
4083,5,5,5,5,5
4084,5,3,5,5,1
4085,3,3,3,5,4
4086,5,5,5,5,5
4087,5,5,5,5,5
4088,5,5,5,5,5
4089,5,2,3,1,1
4090,3,3,5,5,3
4091,5,5,5,5,5
4092,5,5,5,5,3
4093,5,5,5,5,5
4094,5,5,5,5,5
4095,5,5,5,5,5
4096,5,5,5,5,5
4097,5,5,5,5,5
4098,5,5,5,5,5
4099,3,4,4,5,1
4100,4,4,4,5,5
4101,5,5,5,5,4
4102,5,5,5,5,5
4103,5,5,5,5,5
4104,5,5,5,5,5
4105,5,5,5,5,5
4106,5,5,5,5,5
4107,5,5,5,5,5
4108,1,5,4,5,1
4109,5,5,5,5,5
4110,1,3,1,1,1
4111,2,2,2,5,1
4112,4,4,4,5,5
4113,5,5,5,5,5
4114,5,5,5,5,5
4115,3,5,5,5,5
4116,5,5,5,5,5
4117,2,2,5,5,4
4118,5,4,2,5,1
4119,4,4,4,5,1
4120,4,4,4,4,2
4121,3,3,3,5,5
4122,5,5,5,5,5
4123,4,4,4,5,5
4124,5,5,5,5,5
4125,4,4,4,5,2
4126,5,5,5,5,5
4127,5,5,5,5,5
4128,5,5,5,1,2
4129,5,5,2,5,2
4130,5,5,5,5,5
4131,5,5,5,5,1
4132,4,4,4,5,5
4133,3,5,3,1,1
4134,4,4,4,5,5
4135,4,4,5,5,2
4136,5,5,5,5,5
4137,4,4,4,3,1
4138,5,5,5,5,5
4139,5,5,5,5,5
4140,2,2,2,1,1
4141,5,5,5,5,5
4142,3,3,5,5,5
4143,5,5,5,5,5
4144,5,5,5,5,5
4145,4,2,2,5,1
4146,5,1,1,1,1
4147,3,5,5,5,1
4148,4,5,5,5,1
4149,5,5,5,5,5
4150,5,5,5,5,2
4151,4,5,5,5,1
4152,5,5,5,5,5
4153,3,5,5,5,1
4154,3,5,5,5,2
4155,5,5,5,5,5
4156,5,5,5,5,5
4157,5,5,5,5,5
4158,4,4,4,5,5
4159,3,5,4,5,2
4160,5,5,5,5,5
4161,5,5,5,5,5
4162,5,5,5,5,5
4163,4,4,4,5,5
4164,3,3,3,5,2
4165,3,3,3,5,3
4166,5,5,5,5,5
4167,3,3,5,5,5
4168,5,5,5,5,5
4169,5,5,3,5,2
4170,5,5,5,5,5
4171,5,5,5,5,5
4172,5,5,5,5,5
4173,2,3,5,5,2
4174,4,4,4,5,5
4175,5,5,5,5,5
4176,3,3,3,1,1
4177,5,5,5,5,5
4178,4,3,5,5,1
4179,5,5,5,5,5
4180,3,5,5,5,5
4181,5,5,5,5,5
4182,5,5,5,5,5
4183,5,5,5,5,5
4184,5,5,5,5,5
4185,3,3,5,5,3
4186,5,5,5,5,5
4187,5,5,5,5,5
4188,5,5,3,4,1
4189,2,1,1,3,1
4190,5,5,5,5,5
4191,5,5,5,1,3
4192,5,5,5,5,5
4193,5,5,3,5,5
4194,3,3,3,5,4
4195,5,5,5,5,5
4196,5,5,5,5,5
4197,5,5,5,5,5
4198,5,5,5,5,1
4199,5,5,5,5,5
4200,5,5,5,5,5
4201,5,5,5,5,5
4202,3,3,3,1,4
4203,5,5,5,4,5
4204,5,5,5,5,4
4205,4,4,4,5,2
4206,5,5,5,5,5
4207,4,4,4,5,5
4208,5,5,5,5,4
4209,5,5,5,5,5
4210,5,5,5,5,5
4211,5,5,5,5,5
4212,5,5,5,5,5
4213,5,5,5,5,5
4214,2,4,2,1,1
4215,5,5,5,5,4
4216,5,5,5,5,5
4217,4,4,4,5,4
4218,5,5,5,5,1
4219,3,5,5,3,1
4220,5,5,5,5,5
4221,5,5,5,5,5
4222,5,5,5,5,3
4223,5,5,4,5,5
4224,5,5,5,5,5
4225,5,5,5,3,1
4226,5,5,4,5,5
4227,5,5,5,5,1
4228,5,5,5,5,5
4229,1,3,2,1,1
4230,5,5,5,5,4
4231,5,5,5,5,4
4232,4,4,4,5,5
4233,5,5,5,5,5
4234,5,5,5,5,5
4235,3,3,3,1,2
4236,5,5,5,5,5
4237,5,5,5,5,5
4238,5,5,5,5,1
4239,3,5,1,5,1
4240,5,5,5,5,5
4241,5,4,4,5,2
4242,5,5,5,5,5
4243,5,5,5,5,5
4244,3,3,3,5,2
4245,5,5,5,5,1
4246,5,5,5,5,5
4247,5,5,5,5,5
4248,5,5,5,5,5
4249,2,2,5,5,1
4250,5,5,4,5,1
4251,5,5,5,5,5
4252,5,5,5,5,5
4253,2,2,2,1,1
4254,5,5,5,5,5
4255,5,5,5,5,5
4256,4,4,4,5,2
4257,4,5,5,5,5
4258,5,5,5,5,5
4259,5,5,5,5,5
4260,5,5,5,5,5
4261,5,5,5,5,4
4262,5,5,5,5,5
4263,5,5,5,5,5
4264,5,5,5,3,1
4265,5,5,5,5,5
4266,5,5,5,5,5
4267,5,5,5,5,2
4268,4,3,5,5,1
4269,5,5,5,5,5
4270,5,5,5,2,5
4271,5,5,5,5,5
4272,5,5,5,5,5
4273,1,1,1,5,3
4274,5,5,5,5,5
4275,5,5,5,5,5
4276,5,5,5,5,1
4277,5,5,5,5,5
4278,1,3,2,3,1
4279,5,5,5,5,5
4280,5,5,5,5,5
4281,5,5,5,5,5
4282,3,5,5,5,2
4283,5,5,5,5,1
4284,5,5,5,5,4
4285,5,3,2,1,1
4286,5,5,3,5,5
4287,5,5,4,5,5
4288,5,5,5,5,4
4289,4,4,5,1,1
4290,4,4,4,5,5
4291,5,5,5,5,5
4292,5,5,5,5,5
4293,5,5,5,5,5
4294,4,2,5,5,1
4295,5,5,5,5,5
4296,5,5,5,5,5
4297,5,5,5,5,5
4298,5,5,5,5,5
4299,5,5,5,5,5
4300,5,5,5,5,5
4301,5,5,5,5,5
4302,5,5,5,5,5
4303,4,3,4,5,1
4304,5,5,5,5,5
4305,5,5,5,5,1
4306,5,5,5,5,5
4307,1,3,1,3,1
4308,4,4,4,4,2
4309,5,5,5,5,4
4310,5,5,1,1,1
4311,5,5,5,5,5
4312,5,5,5,5,5
4313,3,5,5,5,5
4314,5,2,4,1,1
4315,5,5,3,5,2
4316,5,5,5,5,1
4317,3,3,3,5,2
4318,1,3,3,1,1
4319,5,5,5,5,5
4320,5,5,5,5,5
4321,5,5,5,5,5
4322,4,4,5,5,2
4323,3,3,5,3,1
4324,5,5,5,5,5
4325,5,5,5,5,5
4326,2,2,2,5,3
4327,5,5,5,5,5
4328,5,5,5,5,2
4329,5,5,5,5,5
4330,5,5,5,5,5
4331,4,5,5,1,1
4332,5,5,5,5,5
4333,5,5,5,1,5
4334,5,5,5,5,5
4335,4,4,4,5,5
4336,3,3,2,1,1
4337,5,5,5,5,5
4338,5,5,5,5,5
4339,5,5,5,5,5
4340,5,5,5,5,5
4341,5,5,5,5,5
4342,5,5,5,4,3
4343,5,5,5,5,4
4344,4,4,4,5,5
4345,5,5,5,5,5
4346,3,3,3,5,5
4347,5,5,5,5,5
4348,5,5,5,5,5
4349,5,5,5,5,4
4350,5,5,5,5,5
4351,5,5,5,5,5
4352,5,5,5,5,5
4353,2,2,2,3,2
4354,5,5,5,5,3
4355,5,5,5,5,5
4356,5,5,5,5,1
4357,5,5,5,5,5
4358,5,5,5,5,3
4359,5,5,5,5,5
4360,5,5,5,5,1
4361,5,5,5,5,5
4362,5,5,5,5,5
4363,5,5,5,5,5
4364,5,5,5,5,5
4365,5,5,5,5,5
4366,5,5,5,5,5
4367,4,4,4,3,2
4368,5,5,5,5,5
4369,4,4,4,5,4
4370,5,5,5,5,5
4371,5,5,5,3,1
4372,5,5,5,5,5
4373,5,5,5,5,1
4374,5,5,5,5,5
4375,5,5,5,5,5
4376,5,5,5,5,2
4377,5,5,5,5,5
4378,5,5,5,5,5
4379,5,5,5,5,5
4380,5,5,5,5,3
4381,5,5,5,5,5
4382,5,4,5,5,1
4383,1,1,2,5,2
4384,5,5,5,5,5
4385,5,5,5,5,2
4386,5,5,5,5,5
4387,1,5,5,3,1
4388,5,5,5,5,5
4389,5,5,5,5,5
4390,3,5,1,5,5
4391,5,5,5,5,5
4392,5,5,5,5,5
4393,5,5,5,5,5
4394,5,5,5,5,5
4395,5,5,5,5,5
4396,5,5,5,5,5
4397,3,3,3,3,1
4398,5,5,5,5,5
4399,4,4,4,5,4
4400,5,5,5,5,5
4401,5,5,5,5,1
4402,3,5,5,3,1
4403,3,3,3,5,5
4404,5,5,5,5,5
4405,5,5,5,5,5
4406,5,5,1,3,1
4407,5,5,5,5,4
4408,5,5,5,5,5
4409,5,5,5,5,5
4410,3,3,3,5,2
4411,5,5,5,5,5
4412,5,5,5,5,5
4413,5,5,5,5,5
4414,5,5,5,1,5
4415,5,5,5,5,5
4416,5,5,5,5,5
4417,5,5,5,5,5
4418,5,5,5,5,5
4419,5,5,5,5,1
4420,4,4,4,5,3
4421,3,3,3,5,5
4422,5,5,5,5,5
4423,5,5,5,5,5
4424,5,5,5,5,5
4425,5,5,5,5,5
4426,5,5,5,5,5
4427,4,4,4,5,5
4428,5,5,5,5,5
4429,5,3,3,3,1
4430,5,5,5,5,4
4431,5,5,5,5,5
4432,5,5,5,5,5
4433,5,5,5,5,5
4434,5,5,5,5,5
4435,4,4,5,5,5
4436,3,3,5,5,2
4437,5,5,5,1,1
4438,5,5,5,5,5
4439,3,3,3,5,5
4440,3,3,3,5,5
4441,5,4,4,1,1
4442,3,5,5,5,2
4443,5,5,5,5,5
4444,5,5,5,5,5
4445,4,5,5,5,1
4446,5,5,5,5,5
4447,5,5,3,5,5
4448,5,5,5,5,5
4449,2,5,5,1,1
4450,4,4,4,3,2
4451,5,5,5,5,5
4452,5,5,5,5,5
4453,5,5,5,5,4
4454,5,5,5,5,5
4455,5,5,5,5,5
4456,3,3,5,5,3
4457,4,5,5,5,2
4458,4,4,4,1,3
4459,5,5,5,1,1
4460,5,5,5,5,5
4461,3,5,5,5,5
4462,4,4,4,5,5
4463,5,5,5,5,4
4464,5,5,5,5,5
4465,2,2,2,5,1
4466,5,5,5,5,5
4467,5,5,5,5,5
4468,5,5,5,5,5
4469,4,3,5,1,1
4470,5,5,5,1,5
4471,5,5,5,5,5
4472,5,5,1,5,5
4473,3,5,3,1,1
4474,4,4,4,5,4
4475,5,5,5,5,5
4476,5,5,5,5,5
4477,4,4,4,5,5
4478,5,5,5,5,2
4479,5,5,2,5,1
4480,5,5,5,5,5
4481,2,5,5,5,5
4482,5,5,5,5,5
4483,4,5,3,5,1
4484,5,5,5,5,5
4485,2,4,4,5,1
4486,5,5,5,5,4
4487,5,5,5,5,1
4488,2,2,2,5,2
4489,5,5,5,5,5
4490,5,5,5,5,5
4491,5,5,5,5,5
4492,4,4,4,5,5
4493,1,1,3,3,1
4494,5,5,5,5,5
4495,3,3,3,5,3
4496,5,5,5,5,5
4497,5,5,4,5,3
4498,5,5,5,5,5
4499,5,5,5,5,5
4500,5,5,5,5,5
4501,2,2,2,5,2
4502,5,5,5,4,5
4503,5,5,5,5,5
4504,4,4,4,5,2
4505,4,4,4,5,5
4506,5,5,5,5,5
4507,5,2,2,5,1
4508,5,5,5,5,5
4509,5,5,5,5,5
4510,2,3,4,3,1
4511,5,5,5,5,4
4512,5,5,5,5,5
4513,5,5,5,5,5
4514,2,4,5,3,1
4515,5,5,5,5,5
4516,5,5,5,5,5
4517,1,1,3,1,1
4518,5,5,5,5,5
4519,5,5,5,5,5
4520,3,3,5,5,2
4521,3,3,5,5,2
4522,5,5,5,5,5
4523,5,5,5,5,5
4524,5,5,5,5,5
4525,5,5,5,5,5
4526,5,5,5,5,5
4527,5,5,1,1,1
4528,5,5,5,5,5
4529,5,5,5,5,5
4530,5,5,5,5,5
4531,5,5,5,5,5
4532,5,5,5,5,5
4533,4,3,5,5,5
4534,5,5,5,5,5
4535,5,5,5,5,5
4536,5,5,5,1,5
4537,5,5,5,5,5
4538,4,2,2,5,2
4539,5,5,5,5,4
4540,5,5,5,5,2
4541,5,5,3,1,1
4542,5,5,5,5,5
4543,5,5,5,5,5
4544,5,5,5,5,5
4545,4,4,5,5,2
4546,5,5,5,5,1
4547,5,5,5,5,5
4548,5,5,5,5,5
4549,5,5,5,5,5
4550,5,5,5,5,5
4551,3,5,5,5,5
4552,5,5,5,5,5
4553,5,5,5,5,5
4554,5,5,5,4,3
4555,5,5,5,5,5
4556,5,5,5,5,5
4557,3,4,4,3,2
4558,2,5,3,3,1
4559,3,3,3,5,5
4560,3,3,4,5,2
4561,3,3,4,5,5
4562,4,4,3,5,2
4563,5,5,5,5,5
4564,4,2,5,5,5
4565,5,5,5,5,4
4566,5,5,5,5,5
4567,5,5,5,5,4
4568,5,5,4,1,2
4569,5,5,5,5,5
4570,4,4,4,5,1
4571,5,5,5,5,5
4572,3,5,5,5,1
4573,1,1,1,5,3
4574,5,5,5,5,5
4575,5,5,5,5,5
4576,5,5,5,5,5
4577,3,5,5,5,3
4578,5,5,5,5,5
4579,5,5,5,5,5
4580,5,5,5,5,5
4581,5,5,5,1,1
4582,5,5,5,4,3
4583,5,2,5,1,1
4584,5,5,5,5,5
4585,4,4,4,5,5
4586,5,5,5,5,5
4587,1,1,3,1,1
4588,5,5,5,5,5
4589,5,5,5,5,5
4590,5,5,5,5,5
4591,3,4,3,3,1
4592,5,5,5,5,5
4593,5,5,5,5,1
4594,3,5,5,5,1
4595,5,5,5,5,1
4596,5,5,5,5,5
4597,5,3,3,3,1
4598,5,5,5,5,5
4599,5,5,5,5,5
4600,5,5,5,5,1
4601,5,5,5,5,5
4602,5,5,5,5,5
4603,5,5,5,5,5
4604,5,5,5,5,5
4605,3,3,5,5,2
4606,5,5,5,5,5
4607,5,5,5,5,5
4608,5,5,5,5,5
4609,5,5,5,5,5
4610,2,2,4,5,2
4611,5,5,5,5,5
4612,5,5,5,5,5
4613,5,5,5,5,5
4614,4,4,4,5,5
4615,5,5,5,5,5
4616,2,5,5,5,1
4617,3,5,1,5,1
4618,5,5,5,5,5
4619,5,5,5,5,5
4620,4,5,5,5,1
4621,5,5,5,5,5
4622,5,5,5,5,1
4623,5,5,5,5,5
4624,5,5,5,5,1
4625,5,5,5,5,5
4626,5,5,5,1,5
4627,5,5,5,5,5
4628,5,5,5,1,1
4629,5,5,5,5,5
4630,5,5,5,5,4
4631,5,5,5,5,5
4632,3,3,3,5,5
4633,4,4,4,5,5
4634,5,5,5,5,5
4635,5,5,5,5,5
4636,5,5,5,5,5
4637,5,5,5,5,5
4638,3,5,4,1,1
4639,5,5,5,5,5
4640,5,5,5,5,5
4641,4,1,1,1,1
4642,5,5,5,5,3
4643,5,5,5,5,5
4644,3,4,5,5,1
4645,5,5,5,5,5
4646,2,4,3,3,2
4647,5,5,5,5,5
4648,4,4,4,5,2
4649,3,3,3,5,5
4650,5,5,5,4,1
4651,5,5,5,5,5
4652,2,2,2,3,1
4653,5,5,5,5,4
4654,5,5,5,5,5
4655,4,4,4,5,5
4656,3,5,5,5,5
4657,5,5,5,5,5
4658,4,5,5,5,1
4659,5,3,3,5,1
4660,4,4,3,5,4
4661,5,5,5,5,5
4662,3,5,5,5,1
4663,5,5,5,5,5
4664,5,5,5,5,1
4665,5,5,5,5,5
4666,5,5,5,5,5
4667,5,5,5,5,5
4668,5,5,5,5,5
4669,5,5,5,5,5
4670,4,4,4,5,5
4671,5,5,3,1,1
4672,5,5,5,5,2
4673,2,1,3,1,1
4674,2,2,2,5,4
4675,5,5,5,5,5
4676,4,4,4,5,5
4677,5,5,5,5,5
4678,5,3,1,3,1
4679,3,5,4,3,1
4680,5,5,5,5,2
4681,5,5,5,5,1
4682,5,5,5,5,3
4683,5,5,5,5,5
4684,5,5,5,5,5
4685,5,5,5,1,5
4686,5,5,5,5,5
4687,2,3,1,1,1
4688,5,5,3,1,1
4689,5,5,5,5,5
4690,5,5,5,5,5
4691,1,4,3,3,1
4692,5,5,5,5,5
4693,5,5,5,5,5
4694,5,5,5,5,5
4695,4,4,4,3,2
4696,5,5,5,5,5
4697,5,5,5,5,4
4698,5,5,5,5,5
4699,3,5,5,5,1
4700,5,5,5,5,5
4701,1,1,1,1,1
4702,4,4,4,5,5
4703,5,5,1,5,5
4704,1,1,3,1,1
4705,5,5,5,5,2
4706,5,5,5,5,4
4707,4,4,4,5,4
4708,5,5,5,5,3
4709,5,5,5,5,5
4710,3,3,3,5,5
4711,5,5,3,5,1
4712,5,5,5,5,5
4713,1,5,5,5,5
4714,3,5,5,3,1
4715,5,5,5,5,1
4716,5,5,5,5,5
4717,4,4,4,5,4
4718,5,5,5,5,5
4719,5,5,5,5,5
4720,4,4,4,5,2
4721,5,5,5,5,5
4722,5,5,5,5,5
4723,5,5,5,5,5
4724,5,5,5,5,4
4725,5,5,5,3,5
4726,5,5,5,5,5
4727,5,5,5,5,5
4728,5,5,1,1,1
4729,5,5,5,1,5
4730,4,4,5,5,2
4731,5,5,5,5,5
4732,5,5,5,5,5
4733,5,5,5,5,5
4734,5,5,5,5,5
4735,3,3,3,5,3
4736,5,5,5,5,5
4737,5,5,5,5,5
4738,4,4,5,5,2
4739,3,3,3,5,2
4740,5,5,5,5,5
4741,5,5,5,5,5
4742,5,5,5,1,1
4743,3,3,3,5,2
4744,4,2,5,5,2
4745,5,5,5,5,5
4746,5,5,5,5,5
4747,5,5,5,5,5
4748,5,5,5,5,5
4749,5,5,5,4,3
4750,4,4,4,5,2
4751,4,4,4,5,1
4752,4,4,3,4,2
4753,2,2,3,3,1
4754,3,5,3,5,5
4755,5,5,5,5,5
4756,5,5,3,5,5
4757,5,5,5,5,5
4758,5,5,5,5,5
4759,2,5,1,1,1
4760,4,4,4,5,5
4761,5,5,5,5,5
4762,4,4,4,5,5
4763,5,5,5,5,5
4764,4,4,4,5,5
4765,5,5,5,5,4
4766,5,5,5,5,5
4767,5,5,5,5,5
4768,3,3,3,5,2
4769,5,5,5,5,5
4770,5,5,5,5,5
4771,5,5,5,5,5
4772,5,5,5,5,5
4773,2,5,5,5,3
4774,5,5,5,5,2
4775,4,4,5,5,2
4776,5,5,5,5,1
4777,5,5,1,5,1
4778,5,5,5,4,5
4779,3,5,5,5,5
4780,5,5,5,5,5
4781,5,5,5,5,5
4782,5,5,5,5,5
4783,4,4,4,5,5
4784,5,5,5,5,5
4785,5,5,5,5,5
4786,5,5,5,3,2
4787,5,5,5,5,5
4788,5,5,5,5,5
4789,4,4,4,5,2
4790,5,5,5,1,5
4791,5,5,5,5,5
4792,5,5,5,5,5
4793,3,3,4,5,1
4794,3,3,3,5,5
4795,5,5,5,5,1
4796,5,5,5,5,5
4797,5,5,5,5,5
4798,5,5,5,5,5
4799,5,5,5,5,5
4800,5,5,5,5,5
4801,5,5,5,5,1
4802,5,5,5,5,5
4803,5,5,5,5,3
4804,5,5,5,1,3
4805,5,5,5,5,4
4806,5,5,5,5,5
4807,5,5,5,5,5
4808,5,5,5,5,4
4809,4,4,5,5,1
4810,5,5,3,5,5
4811,5,5,5,5,5
4812,5,5,5,5,5
4813,5,5,5,5,5
4814,5,5,5,4,3
4815,5,5,5,5,5
4816,1,5,5,3,2
4817,5,5,5,5,5
4818,5,5,5,5,5
4819,3,5,5,5,5
4820,5,5,5,5,5
4821,1,3,4,5,1
4822,5,5,5,5,5
4823,5,5,5,5,5
4824,5,5,5,5,5
4825,4,4,4,5,5
4826,4,4,4,1,1
4827,5,5,5,5,5
4828,5,5,5,5,5
4829,4,5,5,5,2
4830,4,4,4,5,1
4831,5,5,5,5,4
4832,4,4,4,5,2
4833,5,5,3,5,2
4834,5,5,5,5,5
4835,5,5,5,5,5
4836,2,4,3,5,5
4837,5,5,5,5,5
4838,5,5,5,5,5
4839,5,5,5,5,5
4840,5,5,5,4,3
4841,3,3,5,5,2
4842,3,3,3,5,5
4843,5,5,5,5,4
4844,4,3,3,1,1
4845,5,5,5,5,5
4846,5,5,5,5,5
4847,3,5,5,5,1
4848,5,5,5,4,5
4849,5,5,5,5,5
4850,2,5,5,5,1
4851,5,5,5,5,5
4852,5,5,3,5,5
4853,5,5,5,5,5
4854,4,4,4,5,5
4855,5,5,5,5,5
4856,4,4,4,5,5
4857,5,5,5,5,5
4858,5,5,5,5,3
4859,2,2,2,1,1
4860,3,3,3,5,5
4861,5,5,5,5,5
4862,4,4,1,3,1
4863,4,5,5,5,5
4864,5,5,5,1,5
4865,5,5,5,5,5
4866,5,5,3,5,1
4867,5,5,5,5,1
4868,3,5,5,3,2
4869,5,5,5,5,5
4870,5,5,5,5,5
4871,5,5,5,5,5
4872,4,1,3,1,1
4873,4,4,4,5,4
4874,5,5,5,5,5
4875,5,5,5,5,5
4876,5,5,5,5,5
4877,5,5,5,5,5
4878,5,5,5,5,5
4879,5,5,4,5,5
4880,5,5,5,5,1
4881,5,3,3,5,5
4882,5,5,5,5,3
4883,5,5,5,5,1
4884,5,5,5,5,5
4885,5,5,5,5,2
4886,5,5,5,5,5
4887,5,5,5,5,5
4888,5,5,5,5,5
4889,4,4,4,5,2
4890,5,5,5,5,5
4891,4,4,4,5,4
4892,5,5,5,5,5
4893,4,4,4,5,5
4894,5,5,5,5,5
4895,5,5,5,5,5
4896,5,5,5,5,5
4897,3,5,5,5,5
4898,5,5,5,5,5
4899,2,2,4,5,1
4900,5,5,5,5,5
4901,3,3,3,5,2
4902,5,5,5,5,5
4903,5,5,5,5,5
4904,4,5,5,1,2
4905,4,4,4,5,4
4906,5,5,5,5,5
4907,3,3,3,5,5
4908,5,5,5,5,5
4909,5,5,5,5,5
4910,5,5,5,5,5
4911,5,5,5,5,5
4912,5,5,5,5,5
4913,4,4,4,4,5
4914,5,5,5,5,5
4915,5,5,5,5,5
4916,3,3,3,1,1
4917,4,4,5,5,2
4918,5,5,5,5,5
4919,5,5,5,5,5
4920,3,3,5,5,5
4921,3,5,5,5,1
4922,5,5,5,5,5
4923,5,5,3,5,1
4924,5,5,5,5,5
4925,5,5,5,5,5
4926,5,5,5,5,5
4927,5,5,5,5,5
4928,4,4,4,1,1
4929,5,5,5,5,5
4930,5,5,5,5,5
4931,5,5,5,5,5
4932,5,5,5,5,5
4933,5,5,5,5,5
4934,4,5,5,5,5
4935,5,5,5,5,5
4936,3,5,5,5,5
4937,4,5,5,5,5
4938,5,5,5,5,5
4939,4,4,5,5,5
4940,5,5,5,5,5
4941,5,5,4,5,5
4942,5,5,5,5,3
4943,5,5,5,1,1
4944,4,4,4,5,5
4945,4,4,4,5,5
4946,5,5,5,5,5
4947,5,5,5,5,5
4948,5,5,5,5,4
4949,1,1,5,5,5
4950,5,5,5,5,5
4951,5,5,5,5,5
4952,3,5,5,5,5
4953,5,5,5,5,5
4954,5,5,5,5,5
4955,3,5,5,3,1
4956,5,5,5,5,4
4957,5,5,5,5,5
4958,5,5,5,5,5
4959,3,2,5,5,1
4960,5,5,5,5,5
4961,4,5,5,5,1
4962,3,3,3,5,4
4963,5,5,5,5,5
4964,2,5,2,5,2
4965,5,5,5,5,4
4966,5,5,5,5,5
4967,5,5,5,5,5
4968,5,5,5,5,2
4969,5,5,5,5,5
4970,3,5,5,5,5
4971,5,5,5,5,5
4972,4,4,4,5,5
4973,4,4,5,5,1
4974,5,5,5,5,5
4975,2,4,2,2,2
4976,5,5,5,5,5
4977,4,4,4,5,1
4978,5,5,5,5,5
4979,4,4,4,4,5
4980,2,5,5,5,1
4981,5,5,5,5,1
4982,5,5,5,5,5
4983,5,5,5,5,5
4984,5,5,5,5,1
4985,5,3,4,1,1
4986,5,5,5,5,5
4987,5,5,5,5,5
4988,5,5,5,5,5
4989,1,1,5,5,3
4990,5,5,5,5,5
4991,5,5,5,5,5
4992,4,4,4,5,2
4993,5,5,5,5,5
4994,4,4,5,1,3
4995,4,4,4,1,1
4996,3,3,3,5,5
4997,4,4,4,5,5
4998,5,5,5,5,5
4999,3,3,1,1,1
5000,4,4,4,4,5
5001,5,5,5,5,5
5002,3,3,5,5,1
5003,4,3,1,3,1
5004,5,5,5,5,5
5005,5,5,5,5,2
5006,5,5,5,5,5
5007,5,5,5,5,5
5008,5,5,5,4,5
5009,5,5,5,5,5
5010,5,5,5,5,5
5011,5,5,5,5,1
5012,5,5,5,5,5
5013,5,5,5,5,5
5014,3,3,3,5,5
5015,5,5,5,4,4
5016,5,5,5,5,5
5017,5,5,5,5,5
5018,5,5,5,5,5
5019,5,5,5,5,5
5020,5,5,5,5,5
5021,5,5,5,5,5
5022,5,5,5,2,5
5023,5,5,5,5,5
5024,5,5,5,5,5
5025,3,5,5,5,1
5026,4,4,4,1,3
5027,5,5,5,5,5
5028,3,3,4,3,1
5029,5,5,5,5,5
5030,5,5,5,5,5
5031,2,2,3,1,1
5032,5,5,5,5,5
5033,5,5,5,5,5
5034,5,5,5,5,5
5035,5,5,5,2,5
5036,5,5,5,5,4
5037,5,5,5,5,5
5038,5,5,5,5,4
5039,4,4,4,5,5
5040,5,5,5,5,5
5041,4,4,4,5,5
5042,5,5,5,5,5
5043,5,5,5,5,5
5044,3,3,5,1,1
5045,5,5,5,5,5
5046,5,5,5,5,5
5047,5,5,5,5,5
5048,4,4,4,5,5
5049,5,5,5,5,5
5050,5,5,5,5,5
5051,5,5,5,5,5
5052,2,1,2,1,1
5053,5,5,5,5,5
5054,5,5,5,5,5
5055,5,5,5,5,4
5056,5,5,5,5,4
5057,5,5,5,5,5
5058,5,5,5,5,5
5059,5,5,5,5,5
5060,5,5,5,5,5
5061,5,5,5,5,5
5062,5,5,5,5,5
5063,5,5,5,5,5
5064,3,5,5,5,1
5065,5,5,5,1,5
5066,5,5,5,5,5
5067,3,3,3,5,4
5068,3,3,5,5,1
5069,4,4,4,5,2
5070,4,2,2,5,2
5071,4,5,5,5,1
5072,2,2,3,5,1
5073,3,3,3,5,5
5074,5,5,4,5,1
5075,5,5,5,5,3
5076,5,5,5,5,5
5077,5,5,5,5,4
5078,5,5,5,5,5
5079,5,5,5,5,5
5080,3,3,3,5,3
5081,5,5,5,5,1
5082,3,3,3,3,1
5083,5,5,5,5,5
5084,5,5,5,5,5
5085,2,5,5,3,1
5086,4,4,4,5,5
5087,5,5,5,5,5
5088,3,5,5,3,1
5089,5,5,5,3,4
5090,3,4,4,5,2
5091,5,5,5,5,5
5092,3,5,3,1,1
5093,5,5,5,1,1
5094,4,4,4,5,4
5095,5,5,5,5,3
5096,5,5,5,5,5
5097,5,5,5,5,5
5098,5,5,5,3,1
5099,5,5,5,5,5
5100,5,5,5,5,5
5101,5,5,5,5,5
5102,5,5,5,5,2
5103,4,4,4,4,3
5104,4,5,4,5,1
5105,5,5,5,5,5
5106,4,4,5,5,2
5107,3,3,3,5,5
5108,3,5,3,1,1
5109,5,5,5,5,5
5110,5,5,5,5,5
5111,5,5,5,5,5
5112,5,5,5,5,3
5113,5,5,5,5,5
5114,4,4,4,5,5
5115,5,5,5,5,5
5116,5,5,5,5,5
5117,3,3,3,5,2
5118,5,5,5,5,1
5119,1,4,3,1,1
5120,5,5,5,5,5
5121,5,3,3,1,1
5122,4,4,4,2,4
5123,5,5,5,4,4
5124,5,5,5,5,2
5125,5,5,5,5,5
5126,5,5,5,5,5
5127,4,4,4,5,5
5128,5,5,5,5,5
5129,3,3,3,5,5
5130,5,5,5,5,5
5131,5,5,5,5,4
5132,5,5,5,5,5
5133,5,5,5,5,2
5134,5,5,5,4,2
5135,5,5,5,5,5
5136,5,5,5,5,5
5137,2,2,2,3,1
5138,5,5,5,5,5
5139,3,5,5,5,5
5140,4,5,5,1,3
5141,5,5,5,5,1
5142,1,5,3,5,5
5143,5,5,5,5,5
5144,3,3,3,5,5
5145,5,5,5,5,5
5146,5,5,5,5,5
5147,5,5,5,1,1
5148,5,5,5,5,5
5149,3,3,3,5,3
5150,5,5,5,5,5
5151,4,5,5,5,5
5152,5,5,5,5,2
5153,5,5,5,5,5
5154,5,5,5,5,5
5155,5,5,5,5,5
5156,5,5,5,5,5
5157,5,5,5,5,5
5158,5,5,5,5,5
5159,1,3,4,1,1
5160,5,5,5,5,5
5161,4,4,4,5,5
5162,5,5,5,5,5
5163,3,5,5,1,1
5164,4,4,4,5,1
5165,5,5,5,5,4
5166,5,5,5,5,1
5167,5,5,5,5,5
5168,5,5,5,5,5
5169,5,5,5,5,5
5170,5,5,5,5,5
5171,5,3,3,5,1
5172,5,5,5,5,5
5173,5,2,5,1,1
5174,5,5,5,2,5
5175,5,5,5,5,5
5176,5,5,5,5,5
5177,5,5,5,5,1
5178,5,5,5,1,2
5179,5,5,5,5,5
5180,1,5,5,1,1
5181,5,5,5,5,5
5182,4,4,4,5,5
5183,5,5,5,5,5
5184,5,5,5,4,5
5185,5,4,4,1,1
5186,3,3,3,5,5
5187,3,3,1,5,5
5188,2,5,5,5,5
5189,5,5,5,5,5
5190,5,5,4,1,1
5191,1,3,1,1,1
5192,5,5,5,5,5
5193,5,5,5,5,5
5194,5,5,5,5,2
5195,5,5,5,5,5
5196,4,5,5,5,2
5197,5,5,5,5,5
5198,4,4,4,5,4
5199,5,3,2,5,1
5200,5,5,5,4,3
5201,5,5,5,5,5
5202,5,5,5,5,5
5203,5,5,5,5,5
5204,5,5,5,5,5
5205,2,2,4,5,2
5206,5,5,5,5,1
5207,5,5,5,5,5
5208,3,5,5,5,5
5209,5,5,5,5,5
5210,5,5,5,5,5
5211,3,3,3,1,2
5212,4,4,4,5,4
5213,5,5,4,5,5
5214,5,5,5,5,5
5215,5,5,3,1,1
5216,5,5,5,5,5
5217,5,5,5,5,5
5218,5,5,5,5,5
5219,2,1,3,1,1
5220,3,3,3,5,4
5221,5,5,5,5,5
5222,5,5,5,1,3
5223,5,4,3,1,5
5224,4,4,4,5,5
5225,5,5,5,5,5
5226,5,5,5,5,5
5227,5,5,5,5,5
5228,5,5,5,5,5
5229,4,4,4,5,5
5230,5,5,5,5,5
5231,5,5,5,5,5
5232,5,5,5,5,5
5233,5,5,5,5,5
5234,5,5,5,5,5
5235,5,5,5,5,5
5236,5,5,5,1,5
5237,5,5,5,5,5
5238,5,5,5,5,5
5239,5,5,2,3,2
5240,5,5,5,5,5
5241,5,5,5,3,2
5242,5,5,3,5,1
5243,3,3,5,5,5
5244,3,3,5,3,1
5245,5,5,5,5,5
5246,5,5,5,5,5
5247,5,5,5,5,5
5248,2,2,5,1,1
5249,5,5,5,5,5
5250,5,5,5,5,5
5251,3,3,1,1,1
5252,4,5,2,5,2
5253,3,3,3,1,1
5254,5,5,5,5,5
5255,5,2,3,3,1
5256,5,5,5,5,5
5257,5,5,5,5,5
5258,3,3,3,5,2
5259,5,5,5,5,5
5260,3,3,3,5,5
5261,5,5,5,5,5
5262,5,5,5,5,5
5263,3,3,3,5,5
5264,1,5,5,5,5
5265,4,4,4,5,5
5266,3,5,5,5,1
5267,5,5,5,5,5
5268,5,5,5,5,4
5269,5,5,5,5,5
5270,5,5,5,5,5
5271,5,5,5,5,5
5272,5,5,5,5,5
5273,1,5,5,5,5
5274,5,5,5,1,1
5275,5,5,5,5,5
5276,5,5,5,5,5
5277,5,5,5,5,5
5278,5,5,5,5,5
5279,4,3,5,3,3
5280,5,5,5,5,5
5281,5,5,5,5,5
5282,5,5,5,5,4
5283,5,5,5,5,2
5284,1,5,1,1,1
5285,5,5,5,5,5
5286,5,5,5,5,5
5287,5,5,5,5,5
5288,4,4,4,4,2
5289,3,3,5,5,4
5290,5,5,5,1,1
5291,5,5,5,5,5
5292,5,5,5,5,2
5293,5,5,5,5,5
5294,5,5,5,5,5
5295,1,3,1,1,1
5296,5,5,5,5,5
5297,5,5,5,5,4
5298,5,5,5,5,5
5299,4,4,4,5,2
5300,5,5,5,5,5
5301,5,5,5,5,5
5302,5,5,5,5,1
5303,5,5,5,5,5
5304,5,5,5,5,4
5305,3,3,5,5,5
5306,4,4,4,5,1
5307,5,5,5,5,5
5308,5,5,4,5,2
5309,5,5,5,5,5
5310,4,2,2,5,2
5311,4,4,5,5,1
5312,5,5,5,5,1
5313,5,5,5,5,5
5314,5,5,5,5,4
5315,5,5,5,5,5
5316,5,5,5,5,5
5317,5,5,5,5,5
5318,5,5,5,5,4
5319,5,5,5,5,5
5320,5,5,5,5,5
5321,1,3,3,1,1
5322,2,3,5,5,1
5323,5,5,5,5,5
5324,4,4,4,5,5
5325,5,5,5,1,5
5326,4,4,2,5,3
5327,5,5,5,1,5
5328,5,5,3,5,3
5329,5,5,3,5,1
5330,3,5,5,5,5
5331,5,5,5,5,5
5332,5,5,5,5,5
5333,4,4,4,5,4
5334,5,5,5,1,1
5335,4,4,4,5,4
5336,5,5,5,5,5
5337,4,4,4,5,5
5338,5,5,5,5,5
5339,5,5,5,5,5
5340,5,5,5,5,5
5341,5,5,5,5,5
5342,5,5,5,5,4
5343,3,3,3,5,5
5344,5,5,5,5,5
5345,4,4,4,5,5
5346,5,5,5,5,5
5347,5,5,5,5,5
5348,4,4,4,5,5
5349,3,5,5,5,5
5350,5,5,5,1,5
5351,4,5,5,5,3
5352,5,5,5,5,5
5353,5,4,5,5,2
5354,5,5,3,5,1
5355,5,5,5,5,5
5356,5,5,5,5,5
5357,4,3,3,1,1
5358,5,5,5,5,5
5359,5,5,2,3,2
5360,3,3,3,5,5
5361,5,5,5,5,5
5362,4,4,4,5,5
5363,3,3,5,5,5
5364,5,5,5,5,5
5365,4,2,2,1,1
5366,3,5,3,1,1
5367,5,5,5,5,2
5368,5,5,5,5,5
5369,5,5,5,1,5
5370,5,5,5,5,5
5371,5,5,5,5,5
5372,5,5,5,5,4
5373,5,5,5,5,5
5374,5,5,5,5,5
5375,4,5,5,5,1
5376,5,5,5,5,5
5377,5,5,5,5,3
5378,4,4,4,5,2
5379,5,5,5,5,5
5380,5,5,5,5,2
5381,3,5,3,3,1
5382,5,5,5,5,4
5383,5,5,5,5,5
5384,4,4,4,5,5
5385,4,4,4,5,5
5386,3,3,4,5,2
5387,5,5,5,5,5
5388,4,4,3,3,1
5389,5,5,5,5,5
5390,5,5,5,1,1
5391,5,5,5,5,5
5392,5,5,5,1,2
5393,3,3,5,1,1
5394,5,3,3,3,1
5395,2,2,2,5,3
5396,4,2,2,5,1
5397,4,4,5,5,5
5398,5,5,3,5,1
5399,5,5,5,5,5
5400,5,5,5,5,5
5401,5,5,5,5,5
5402,5,5,5,5,4
5403,4,4,4,5,4
5404,5,5,5,5,5
5405,2,2,2,5,2
5406,5,5,5,5,5
5407,5,5,5,5,5
5408,4,4,4,5,5
5409,5,5,5,5,5
5410,3,3,3,1,3
5411,4,3,3,5,1
5412,5,5,5,5,2
5413,5,5,5,5,5
5414,5,5,5,5,5
5415,5,5,5,5,5
5416,4,5,5,3,1
5417,4,5,5,1,1
5418,5,1,2,1,1
5419,5,5,5,5,5
5420,5,5,5,5,5
5421,2,2,5,5,2
5422,3,4,2,3,1
5423,3,3,5,5,5
5424,5,5,5,5,5
5425,4,4,4,4,2
5426,5,5,5,5,5
5427,4,4,4,5,5
5428,4,5,5,5,5
5429,3,5,5,5,5
5430,4,5,5,5,5
5431,4,5,5,1,3
5432,5,5,5,5,5
5433,5,5,5,2,5
5434,3,3,3,5,5
5435,5,5,5,5,5
5436,5,5,5,5,5
5437,4,4,4,5,5
5438,4,4,4,5,5
5439,5,5,5,5,5
5440,5,5,5,5,5
5441,5,5,5,5,5
5442,5,5,5,5,5
5443,5,5,5,5,4
5444,5,5,5,5,5
5445,5,5,3,3,1
5446,4,4,4,5,5
5447,5,5,5,5,5
5448,5,5,5,5,4
5449,5,5,5,5,5
5450,5,5,4,5,5
5451,5,5,5,5,5
5452,4,1,2,5,1
5453,5,5,5,5,5
5454,5,5,5,5,5
5455,5,5,5,5,5
5456,5,5,5,4,3
5457,5,5,5,5,5
5458,5,5,5,5,5
5459,3,3,5,5,1
5460,5,5,5,5,5
5461,5,5,5,5,5
5462,5,5,5,5,5
5463,2,2,4,3,1
5464,5,5,5,5,2
5465,5,5,5,5,5
5466,4,4,4,5,5
5467,5,5,5,5,5
5468,5,5,5,5,5
5469,5,5,5,5,5
5470,5,5,5,5,5
5471,5,5,5,5,5
5472,5,5,5,5,5
5473,5,5,5,5,5
5474,4,5,3,5,1
5475,5,5,5,5,5
5476,4,5,5,5,2
5477,4,4,2,3,1
5478,5,5,5,5,5
5479,5,5,5,5,5
5480,3,3,3,5,3
5481,5,5,5,5,5
5482,2,5,5,5,1
5483,5,5,5,5,5
5484,5,5,5,5,5
5485,4,5,5,5,5
5486,5,5,5,5,1
5487,5,5,5,5,5
5488,5,5,5,5,5
5489,5,5,5,5,5
5490,2,2,3,1,1
5491,5,5,5,5,5
5492,5,3,3,3,1
5493,4,4,4,5,5
5494,5,5,5,5,5
5495,5,5,5,5,5
5496,5,5,5,5,1
5497,4,5,5,5,1
5498,5,5,5,5,5
5499,5,5,5,5,5
5500,5,5,5,5,5
5501,5,5,5,5,1
5502,5,5,5,5,5
5503,4,4,5,5,1
5504,4,4,4,5,5
5505,5,5,5,5,5
5506,3,5,5,5,1
5507,5,5,5,5,5
5508,5,5,5,5,5
5509,5,5,5,5,5
5510,5,5,5,5,5
5511,5,5,5,1,5
5512,3,3,5,5,1
5513,5,5,5,5,3
5514,4,4,4,5,5
5515,5,5,5,5,5
5516,5,5,5,5,3
5517,5,5,5,5,2
5518,5,5,5,5,5
5519,5,4,4,5,5
5520,4,4,4,5,3
5521,5,5,5,5,5
5522,4,4,4,5,4
5523,5,5,5,5,5
5524,4,4,5,5,1
5525,4,4,4,5,2
5526,5,5,5,5,5
5527,5,5,5,5,5
5528,4,4,4,5,5
5529,5,5,5,5,5
5530,5,5,5,5,5
5531,5,5,5,5,5
5532,4,4,4,5,5
5533,5,4,5,1,1
5534,3,3,3,1,1
5535,4,4,2,1,2
5536,4,4,4,5,5
5537,1,1,1,1,1
5538,5,5,5,5,5
5539,3,5,5,5,1
5540,5,5,5,5,5
5541,5,5,5,4,5
5542,5,5,5,5,5
5543,3,3,3,5,4
5544,5,5,5,5,5
5545,5,5,5,5,5
5546,3,1,3,3,1
5547,5,5,5,5,5
5548,5,3,4,1,1
5549,3,4,4,5,2
5550,5,5,5,5,5
5551,5,5,5,5,5
5552,5,5,5,5,5
5553,5,5,5,5,5
5554,5,5,5,5,5
5555,3,3,3,5,5
5556,5,5,5,5,5
5557,5,5,5,1,1
5558,5,5,5,5,3
5559,5,5,5,5,5
5560,2,2,2,5,2
5561,4,4,4,5,1
5562,1,5,3,5,3
5563,5,5,5,5,2
5564,3,5,4,1,1
5565,5,5,5,5,5
5566,4,5,2,1,1
5567,5,5,5,5,4
5568,5,5,5,5,5
5569,5,5,5,5,5
5570,5,5,5,4,5
5571,5,5,5,5,4
5572,5,5,5,5,5
5573,3,3,3,5,5
5574,5,5,5,5,5
5575,5,3,5,3,1
5576,5,5,5,5,5
5577,5,5,5,5,5
5578,5,5,5,5,5
5579,4,5,5,5,2
5580,3,5,5,5,5
5581,5,5,5,5,5
5582,5,5,5,5,5
5583,4,4,5,5,3
5584,5,5,5,5,5
5585,5,5,5,5,5
5586,5,3,5,5,1
5587,5,5,5,5,5
5588,5,5,5,5,1
5589,5,5,5,5,5
5590,5,5,5,5,5
5591,5,5,5,5,5
5592,2,3,1,1,1
5593,5,5,5,5,5
5594,3,5,4,5,5
5595,4,5,5,5,2
5596,5,5,5,5,5
5597,5,5,5,5,5
5598,4,4,4,5,5
5599,4,4,4,5,3
5600,1,5,5,3,2
5601,5,5,5,5,5
5602,1,1,1,1,1
5603,5,3,3,5,1
5604,4,4,4,4,5
5605,3,5,5,5,5
5606,5,5,3,5,2
5607,5,5,5,5,5
5608,5,5,5,5,5
5609,5,5,5,5,5
5610,3,1,1,5,1
5611,5,5,5,5,3
5612,5,5,5,5,5
5613,5,5,5,5,1
5614,4,4,4,3,1
5615,4,4,4,5,4
5616,5,5,5,5,5
5617,5,5,5,5,5
5618,5,5,5,5,5
5619,5,5,5,1,5
5620,5,5,5,5,5
5621,3,3,3,5,5
5622,1,1,1,1,1
5623,5,5,3,5,5
5624,2,5,5,5,5
5625,3,3,3,5,5
5626,4,4,4,5,4
5627,5,5,5,5,5
5628,5,5,5,3,1
5629,4,4,4,5,4
5630,5,5,5,2,5
5631,5,5,5,5,5
5632,3,3,3,5,5
5633,4,4,4,5,5
5634,5,5,5,5,5
5635,4,4,4,5,5
5636,1,1,1,1,1
5637,5,5,5,1,5
5638,5,5,5,5,5
5639,5,5,5,5,5
5640,2,2,2,5,2
5641,5,5,5,5,5
5642,3,5,5,5,1
5643,5,5,5,5,2
5644,4,4,4,5,5
5645,2,2,2,5,4
5646,5,5,5,5,5
5647,4,4,4,5,2
5648,3,3,3,5,2
5649,5,5,4,1,2
5650,4,4,5,5,2
5651,5,5,5,5,5
5652,5,5,5,5,3
5653,5,5,5,5,5
5654,2,5,5,5,1
5655,2,5,5,1,1
5656,5,5,5,5,5
5657,5,5,5,5,2
5658,5,5,5,5,2
5659,5,5,5,5,5
5660,2,2,2,3,2
5661,1,5,1,5,1
5662,5,5,5,5,5
5663,3,3,3,5,3
5664,2,2,2,3,2
5665,5,5,5,5,5
5666,1,1,1,1,1
5667,3,5,5,5,2
5668,5,5,5,5,5
5669,5,5,2,5,1
5670,5,5,5,5,5
5671,1,3,1,3,1
5672,5,5,5,5,5
5673,5,5,3,5,5
5674,5,5,5,5,5
5675,5,5,5,5,5
5676,5,5,3,5,5
5677,3,3,3,5,3
5678,5,5,5,5,5
5679,5,5,5,5,5
5680,5,5,5,5,1
5681,1,1,5,3,1
5682,5,5,5,5,3
5683,4,2,2,5,2
5684,5,5,5,5,5
5685,5,5,5,5,5
5686,3,5,5,3,1
5687,5,5,5,5,4
5688,5,5,5,5,5
5689,5,5,5,5,5
5690,5,5,5,1,5
5691,5,5,5,5,5
5692,5,5,5,5,5
5693,5,5,5,5,4
5694,4,4,4,1,2
5695,5,5,5,5,5
5696,5,5,5,5,1
5697,5,5,5,5,1
5698,3,3,5,5,2
5699,5,5,5,5,3
5700,5,5,5,5,3
5701,5,5,5,5,5
5702,5,5,5,5,5
5703,5,5,5,5,1
5704,5,5,5,5,5
5705,1,1,1,1,1
5706,5,5,5,5,5
5707,5,5,5,5,5
5708,5,5,5,4,5
5709,5,5,5,5,1
5710,5,5,5,5,5
5711,5,5,5,4,5
5712,5,5,5,5,5
5713,5,5,5,5,5
5714,5,5,5,5,5
5715,5,5,5,5,5
5716,5,5,5,5,5
5717,5,5,5,5,5
5718,5,5,5,5,4
5719,5,5,5,5,3
5720,5,5,5,5,5
5721,4,4,4,5,2
5722,5,5,5,5,5
5723,5,5,5,5,5
5724,5,5,5,5,5
5725,5,5,5,5,5
5726,5,5,5,1,5
5727,4,4,4,5,5
5728,5,5,5,5,5
5729,5,5,5,5,4
5730,5,5,5,5,5
5731,5,5,5,5,5
5732,5,5,5,5,5
5733,4,4,4,5,4
5734,5,5,5,5,5
5735,5,5,5,5,5
5736,3,3,3,5,1
5737,5,5,5,5,5
5738,5,5,5,5,5
5739,5,5,5,5,5
5740,4,4,5,5,2
5741,5,5,5,5,5
5742,4,4,4,5,5
5743,5,5,5,1,5
5744,5,5,5,5,5
5745,4,4,4,5,5
5746,5,5,5,5,5
5747,1,5,4,5,1
5748,5,5,5,5,5
5749,1,4,3,1,1
5750,5,5,5,5,5
5751,3,3,3,5,5
5752,4,4,4,1,2
5753,5,5,5,5,1
5754,5,5,5,5,5
5755,5,5,5,1,5
5756,2,5,5,5,1
5757,5,5,5,5,3
5758,5,5,5,5,5
5759,4,4,3,5,1
5760,5,5,5,5,5
5761,5,5,5,5,5
5762,4,4,5,5,1
5763,4,4,4,3,1
5764,4,5,5,5,3
5765,5,5,5,5,5
5766,5,5,5,4,5
5767,4,4,4,5,5
5768,5,5,2,5,1
5769,5,5,5,5,5
5770,5,5,5,1,1
5771,4,5,5,5,5
5772,5,5,5,3,1
5773,5,5,5,5,5
5774,5,5,5,4,5
5775,2,2,2,5,5
5776,5,5,5,5,5
5777,5,5,5,5,5
5778,5,5,5,5,5
5779,5,5,5,3,1
5780,5,5,5,5,5
5781,4,4,4,5,5
5782,5,5,5,5,5
5783,3,4,3,1,1
5784,5,5,5,5,5
5785,5,5,5,5,4
5786,4,5,5,5,5
5787,4,4,4,5,5
5788,5,5,5,5,4
5789,5,5,5,5,5
5790,5,5,5,3,1
5791,5,5,5,5,5
5792,5,5,5,5,2
5793,5,5,5,5,5
5794,5,5,5,5,5
5795,5,5,5,4,5
5796,5,3,3,1,1
5797,5,5,5,5,5
5798,2,3,3,5,5
5799,5,5,5,5,5
5800,4,4,4,5,4
5801,3,5,5,5,2
5802,4,4,4,5,5
5803,5,5,5,5,5
5804,5,5,5,5,5
5805,5,5,5,5,5
5806,2,4,4,1,2
5807,4,4,4,5,5
5808,4,4,4,5,5
5809,4,4,4,5,5
5810,5,5,5,5,5
5811,5,5,5,5,5
5812,3,5,5,1,1
5813,5,5,5,5,5
5814,5,5,5,5,5
5815,5,5,5,5,5
5816,5,5,5,5,5
5817,5,5,5,5,5
5818,5,5,5,5,5
5819,5,5,5,5,5
5820,1,1,1,5,5
5821,5,5,5,5,5
5822,5,5,5,5,5
5823,3,3,3,1,1
5824,1,3,3,5,2
5825,3,3,3,1,1
5826,4,4,4,4,2
5827,5,5,5,5,5
5828,5,5,5,5,5
5829,3,5,5,5,1
5830,5,5,5,5,5
5831,5,5,5,5,5
5832,4,2,5,3,1
5833,5,5,5,4,5
5834,5,5,5,5,5
5835,5,3,5,1,1
5836,4,5,5,5,2
5837,3,5,5,5,2
5838,5,5,5,5,5
5839,5,5,3,5,1
5840,5,5,5,4,5
5841,5,5,5,5,5
5842,5,5,5,5,5
5843,5,4,4,3,1
5844,3,4,2,5,5
5845,1,3,3,1,1
5846,5,5,5,3,2
5847,5,5,5,5,5
5848,5,5,5,5,5
5849,5,5,5,2,5
5850,3,5,5,5,2
5851,5,5,5,5,5
5852,5,5,5,5,5
5853,4,4,4,5,5
5854,5,5,5,5,1
5855,4,4,3,5,2
5856,4,4,4,5,4
5857,5,5,5,5,5
5858,5,5,5,5,5
5859,5,5,5,3,1
5860,5,5,5,5,5
5861,5,5,5,5,5
5862,4,4,3,5,2
5863,5,5,5,5,5
5864,5,5,5,5,5
5865,5,5,5,5,5
5866,5,5,5,5,5
5867,5,5,5,5,5
5868,5,5,5,5,5
5869,5,5,5,5,5
5870,5,5,5,5,5
5871,5,5,5,5,2
5872,4,4,4,3,2
5873,5,5,5,5,5
5874,1,3,3,3,1
5875,3,3,3,2,3
5876,5,5,5,5,5
5877,5,5,5,5,5
5878,5,5,5,5,5
5879,4,4,4,5,5
5880,4,4,4,5,4
5881,5,5,5,5,5
5882,4,4,4,1,1
5883,5,5,5,5,4
5884,5,4,4,5,2
5885,5,5,5,5,5
5886,5,5,5,5,5
5887,5,5,5,5,5
5888,5,5,5,5,5
5889,5,5,5,5,5
5890,5,5,5,4,5
5891,5,5,5,5,5
5892,5,5,5,5,5
5893,5,5,5,5,5
5894,5,5,5,5,5
5895,5,5,5,5,5
5896,2,2,2,5,5
5897,5,5,5,2,5
5898,4,4,5,5,1
5899,5,5,5,5,5
5900,5,5,5,5,5
5901,5,5,5,5,5
5902,5,2,5,5,5
5903,5,5,5,5,5
5904,5,5,5,5,5
5905,4,4,4,5,5
5906,3,3,3,5,5
5907,3,3,3,5,4
5908,5,5,5,5,5
5909,5,5,5,5,5
5910,1,1,1,1,1
5911,5,5,5,5,5
5912,4,1,1,5,1
5913,5,5,5,5,1
5914,5,5,5,5,5
5915,5,5,5,5,5
5916,4,4,5,5,2
5917,5,5,5,5,3
5918,5,5,5,5,5
5919,5,5,5,5,5
5920,5,5,5,5,5
5921,3,3,3,5,5
5922,4,4,4,5,5
5923,5,5,5,4,2
5924,4,5,5,5,5
5925,5,5,5,5,5
5926,5,5,5,5,5
5927,5,5,5,5,5
5928,5,5,5,5,5
5929,4,4,4,5,5
5930,5,5,5,5,5
5931,5,5,5,5,5
5932,5,5,5,5,5
5933,3,3,3,5,4
5934,5,5,5,5,4
5935,3,5,5,5,1
5936,5,5,5,5,2
5937,5,5,5,5,4
5938,5,5,5,5,5
5939,5,5,5,5,5
5940,5,5,5,5,5
5941,2,3,3,1,1
5942,3,3,3,1,2
5943,5,5,5,5,5
5944,5,5,5,5,5
5945,5,5,5,4,5
5946,5,5,5,5,5
5947,5,5,5,5,5
5948,5,5,5,5,5
5949,4,4,5,5,1
5950,5,5,5,5,5
5951,5,5,5,5,5
5952,3,2,3,1,1
5953,5,5,5,5,5
5954,5,5,5,5,5
5955,5,5,5,5,5
5956,5,5,5,5,5
5957,5,5,5,5,5
5958,5,5,5,5,5
5959,5,5,5,5,5
5960,4,4,3,5,4
5961,5,3,3,3,1
5962,3,3,5,5,5
5963,2,2,2,5,5
5964,5,5,5,5,5
5965,5,5,5,5,4
5966,5,5,5,5,5
5967,3,1,5,5,1
5968,4,5,5,5,5
5969,3,3,3,1,1
5970,3,5,1,3,1
5971,4,4,4,5,5
5972,3,5,5,5,5
5973,5,5,5,5,5
5974,5,5,5,5,5
5975,5,3,3,1,2
5976,4,4,5,4,1
5977,4,4,4,5,5
5978,4,4,4,5,2
5979,3,3,3,5,5
5980,4,5,3,5,5
5981,5,5,5,5,4
5982,3,3,1,1,1
5983,5,5,5,5,2
5984,5,5,5,5,5
5985,5,5,5,5,5
5986,5,5,3,1,1
5987,4,4,4,5,4
5988,1,5,3,1,1
5989,5,5,5,5,5
5990,4,5,5,5,2
5991,3,5,3,5,1
5992,5,5,5,5,5
5993,5,5,5,5,5
5994,5,5,3,5,3
5995,5,5,5,1,1
5996,5,5,5,5,5
5997,5,5,5,5,5
5998,2,5,5,5,1
5999,5,5,5,5,1
6000,3,5,5,5,5
6001,5,5,5,5,5
6002,5,5,5,5,5
6003,5,5,5,1,5
6004,5,5,5,5,5
6005,5,5,5,5,5
6006,5,5,5,5,5
6007,5,5,5,5,5
6008,4,4,4,5,4
6009,4,4,4,5,5
6010,5,3,3,5,2
6011,5,5,5,5,5
6012,3,3,3,5,5
6013,4,4,4,3,1
6014,5,5,5,5,5
6015,5,5,5,5,5
6016,5,5,5,5,5
6017,5,5,5,5,5
6018,4,4,4,5,5
6019,4,4,4,5,5
6020,5,5,5,5,5
6021,3,5,5,5,1
6022,5,5,5,5,5
6023,5,3,5,5,5
6024,5,5,5,5,5
6025,4,4,4,1,4
6026,5,5,5,5,1
6027,1,1,1,5,5
6028,5,5,5,5,5
6029,5,5,5,5,5
6030,5,5,5,5,5
6031,5,5,5,5,5
6032,5,5,5,5,1
6033,4,4,4,4,5
6034,5,5,5,5,5
6035,5,5,5,5,5
6036,5,5,5,5,5
6037,1,3,5,5,2
6038,3,3,3,5,5
6039,5,5,5,5,5
6040,4,4,4,5,2
6041,5,5,5,5,5
6042,5,5,5,5,5
6043,5,5,5,5,5
6044,5,5,5,5,5
6045,5,5,4,5,5
6046,5,5,5,5,5
6047,5,5,5,5,4
6048,3,1,4,1,1
6049,5,5,5,5,5
6050,5,5,5,5,4
6051,5,5,5,5,5
6052,5,5,5,5,5
6053,5,5,5,5,5
6054,5,5,5,5,5
6055,5,5,5,5,5
6056,1,3,2,3,1
6057,5,5,5,5,4
6058,5,5,5,5,3
6059,5,3,3,5,1
6060,5,5,5,5,5
6061,5,5,5,5,5
6062,5,5,5,5,2
6063,5,5,5,5,4
6064,5,5,5,5,5
6065,5,5,5,3,2
6066,5,5,5,5,3
6067,5,5,5,5,5
6068,5,5,5,5,5
6069,5,5,5,5,5
6070,5,5,5,5,5
6071,5,5,5,5,5
6072,5,5,5,5,5
6073,5,5,5,5,5
6074,5,1,1,1,1
6075,5,5,5,5,5
6076,2,4,2,5,1
6077,5,5,5,1,2
6078,5,5,5,5,5
6079,5,5,3,5,1
6080,5,5,5,5,5
6081,5,5,5,5,5
6082,5,5,5,5,5
6083,5,5,5,5,1
6084,5,5,5,5,5
6085,5,5,5,5,2
6086,4,4,4,5,4
6087,5,5,5,5,5
6088,5,5,5,5,5
6089,3,2,5,5,1
6090,5,5,5,5,5
6091,5,5,5,5,5
6092,5,5,5,5,5
6093,5,5,5,5,5
6094,5,5,5,5,5
6095,3,3,5,5,1
6096,1,3,5,1,1
6097,1,4,5,1,1
6098,4,5,5,5,2
6099,1,3,3,1,1
6100,5,5,5,5,5
6101,5,5,5,5,5
6102,3,3,3,5,5
6103,5,5,5,5,2
6104,5,5,1,5,1
6105,4,4,4,5,5
6106,5,5,5,5,5
6107,5,5,5,3,5
6108,5,5,5,5,5
6109,5,5,5,5,5
6110,5,5,5,5,5
6111,1,1,1,5,3
6112,5,5,5,5,5
6113,2,2,2,1,2
6114,4,5,5,5,1
6115,5,5,4,5,1
6116,3,5,2,1,1
6117,5,5,5,5,5
6118,4,5,5,5,3
6119,4,4,4,5,5
6120,5,5,5,5,5
6121,5,5,5,5,5
6122,5,5,5,5,5
6123,5,5,5,5,4
6124,3,5,3,3,1
6125,4,4,4,5,4
6126,5,5,5,5,5
6127,5,5,5,5,5
6128,5,5,5,5,2
6129,2,5,5,5,5
6130,5,5,5,1,3
6131,5,5,5,5,5
6132,5,5,5,5,5
6133,5,5,5,5,5
6134,3,3,5,1,1
6135,5,5,5,5,5
6136,5,5,5,5,5
6137,2,5,4,3,1
6138,5,5,5,5,5
6139,5,5,5,5,5
6140,4,4,4,5,5
6141,5,5,5,5,5
6142,5,5,5,1,5
6143,4,4,4,5,5
6144,5,5,5,5,5
6145,5,5,5,5,5
6146,2,5,3,1,1
6147,3,3,3,5,2
6148,5,5,5,5,5
6149,5,5,5,5,5
6150,3,3,3,5,5
6151,5,5,5,5,5
6152,5,5,5,5,5
6153,5,5,5,1,5
6154,5,5,5,5,4
6155,5,5,5,5,5
6156,5,5,5,5,4
6157,5,4,4,5,2
6158,4,4,5,5,2
6159,5,5,5,5,5
6160,3,5,4,1,1
6161,5,5,5,5,5
6162,5,5,4,5,1
6163,4,4,4,5,2
6164,5,5,5,5,1
6165,3,5,5,5,5
6166,5,5,5,5,4
6167,3,3,3,5,4
6168,5,5,5,5,5
6169,3,5,5,5,4
6170,5,5,5,5,5
6171,5,5,4,1,2
6172,5,5,5,5,5
6173,5,5,5,1,5
6174,5,5,5,5,5
6175,4,4,5,5,4
6176,5,5,5,4,3
6177,5,5,5,5,4
6178,5,5,5,5,5
6179,4,4,4,5,4
6180,5,5,5,5,5
6181,5,5,5,5,4
6182,5,5,5,5,5
6183,5,5,5,5,2
6184,3,3,3,5,1
6185,5,5,5,5,5
6186,5,5,4,4,5
6187,3,3,3,5,5
6188,3,3,3,5,3
6189,5,5,3,5,5
6190,2,1,1,3,1
6191,5,5,5,5,5
6192,5,5,5,5,5
6193,5,5,5,5,4
6194,5,5,5,5,5
6195,5,5,5,5,5
6196,5,5,5,5,2
6197,5,5,5,5,4
6198,4,4,4,5,2
6199,5,5,5,5,5
6200,5,5,5,5,5
6201,4,4,4,5,2
6202,4,5,5,5,5
6203,5,5,5,5,4
6204,5,5,5,5,5
6205,2,2,2,5,5
6206,5,5,5,5,3
6207,5,5,5,5,5
6208,4,5,5,5,3
6209,5,5,5,5,5
6210,2,1,5,3,1
6211,3,3,3,5,5
6212,4,5,5,5,5
6213,5,5,5,5,5
6214,5,5,5,5,5
6215,5,5,5,5,5
6216,1,1,3,5,3
6217,5,5,5,5,5
6218,5,5,5,5,5
6219,2,4,5,3,1
6220,5,5,5,5,5
6221,3,5,5,5,1
6222,5,5,5,5,5
6223,4,5,5,5,5
6224,5,5,5,5,5
6225,5,5,5,5,5
6226,5,2,5,5,1
6227,5,5,5,5,5
6228,1,3,5,3,1
6229,5,5,5,5,1
6230,5,5,5,5,5
6231,5,5,5,5,5
6232,5,5,5,5,5
6233,5,5,5,5,5
6234,5,5,3,5,5
6235,5,5,5,5,5
6236,5,5,5,5,5
6237,5,5,5,5,5
6238,5,5,5,5,2
6239,2,5,5,5,1
6240,2,4,3,3,1
6241,5,5,5,5,1
6242,5,5,5,5,4
6243,5,5,5,5,5
6244,5,5,5,5,5
6245,3,3,3,5,5
6246,5,5,5,5,1
6247,5,5,5,5,5
6248,5,5,5,5,5
6249,4,4,4,4,2
6250,5,5,4,5,5
6251,5,5,5,5,5
6252,1,3,5,3,1
6253,5,5,5,5,5
6254,5,5,5,5,5
6255,5,5,5,5,5
6256,1,3,3,5,1
6257,5,5,5,5,5
6258,4,5,2,5,2
6259,3,3,3,5,5
6260,5,5,5,5,5
6261,3,5,5,5,5
6262,5,5,5,5,5
6263,4,4,4,4,2
6264,4,4,4,5,5
6265,5,5,5,5,5
6266,5,5,5,5,5
6267,5,5,5,5,5
6268,3,5,3,5,2
6269,5,5,5,5,5
6270,5,5,5,5,5
6271,3,3,5,5,1
6272,2,2,2,5,5
6273,3,3,3,5,5
6274,5,5,5,5,2
6275,5,5,5,5,5
6276,4,4,4,5,2
6277,5,5,5,5,5
6278,5,5,5,5,5
6279,5,5,5,5,5
6280,5,5,5,1,5
6281,5,5,5,5,5
6282,1,5,2,1,1
6283,5,5,5,5,5
6284,5,5,5,5,4
6285,5,5,5,5,5
6286,4,4,4,5,5
6287,5,5,5,5,5
6288,5,5,5,5,1
6289,3,5,5,3,3
6290,5,5,5,5,5
6291,4,4,4,5,5
6292,5,5,5,5,5
6293,4,4,4,5,4
6294,2,2,2,3,3
6295,5,5,5,5,5
6296,5,5,5,5,5
6297,5,5,5,5,5
6298,5,5,5,5,5
6299,3,1,1,5,1
6300,5,5,5,5,5
6301,5,5,5,5,5
6302,5,5,5,5,1
6303,5,5,5,5,5
6304,5,5,5,5,5
6305,2,5,4,5,5
6306,5,5,5,5,5
6307,5,5,5,5,5
6308,5,5,5,5,5
6309,5,5,5,5,5
6310,5,5,5,5,5
6311,5,5,5,5,5
6312,5,5,5,5,4
6313,5,5,5,5,5
6314,5,5,5,5,1
6315,5,5,5,5,5
6316,5,5,5,5,4
6317,5,5,5,5,5
6318,3,3,3,5,5
6319,5,5,5,5,5
6320,5,5,5,5,2
6321,5,5,5,5,5
6322,2,4,4,5,2
6323,5,5,5,5,5
6324,5,5,5,5,5
6325,5,5,5,5,5
6326,5,5,5,5,4
6327,5,5,5,5,5
6328,3,3,3,5,5
6329,5,5,5,5,5
6330,5,5,5,5,5
6331,5,5,5,5,5
6332,5,5,5,5,5
6333,5,5,5,5,5
6334,5,5,5,5,5
6335,5,5,5,5,5
6336,4,4,4,5,1
6337,5,5,5,5,5
6338,5,5,5,5,5
6339,4,4,4,5,5
6340,5,5,5,5,5
6341,2,4,4,1,1
6342,5,5,5,5,5
6343,3,3,5,5,2
6344,4,4,4,5,5
6345,5,3,5,3,1
6346,4,4,4,5,5
6347,5,5,5,5,5
6348,5,5,5,5,5
6349,3,5,3,5,5
6350,5,5,5,1,3
6351,5,4,5,1,1
6352,5,5,5,1,5
6353,5,5,5,5,5
6354,5,5,5,5,5
6355,5,5,5,1,1
6356,3,3,3,3,4
6357,4,4,4,5,5
6358,4,4,4,5,4
6359,5,5,5,5,5
6360,5,5,5,5,5
6361,5,5,5,5,5
6362,5,5,5,5,5
6363,5,5,5,5,5
6364,2,2,4,5,2
6365,3,2,2,5,1
6366,5,5,5,5,5
